,"nom.famille","QtG","NewsChannels","RadioTV","Specialized","Interv_Committee","Presence_Committee","Submitted_Amdts","Reports","WrittenQ","Rooms","twitt_flwrs","NationPress","LocPress","OfficialFunctions","Interv_Plenary","NbVotes","Gender","Age","PolGroup","Career","Education"
"1","Morenas","0.769426349597021",0,0,0,"-0.466491299385741","0.10403739910625",8,1,21,3,"940.999999999997",2,6,0,15,223,"M",35,"LREM","6 - PolExp","AboveMaster"
"2","Quatennens","-0.346479464337618",23,25,6,"0.894306586205591","0.0478171027262148",209,0,41,0,"43500.0000000004",138,114,0,280,286,"M",27,"LFI","6 - PolExp","BA_or_less"
"3","Taquet","-0.66408821840219",2,0,2,"-0.67370195549959","-0.870774607540544",49,0,13,40,"4597.00000000002",12,26,0,43,282,"M",40,"LREM","1 - Novices","AboveMaster"
"4","Firmin Le Bodo","0.905082639964564",0,0,0,"-0.0524155521824425","0.323394615806242",96,1,25,8,"3828.99999999999",11,52,0,140,240,"F",49,"LC","1 - 2ndCareer","NoInfo"
"5","Thill","2.20294091759623",0,0,0,"-0.596578129916987","0.732510277940629",0,0,21,3,"3571.00",9,8,0,13,281,"F",53,"LREM","1 - Novices","BA_or_less"
"6","Kuric","-2.0976027864014",0,0,0,"-0.663416562210807","-1.34848494238887",6,2,15,2,"2885.99999999998",5,2,0,17,253,"F",30,"LREM","1 - Novices","BA_or_less"
"7","Bruneel","0.729234492969466",0,0,1,"-0.209177687234932","-1.26025784559909",46,1,24,6,"1345.00",27,57,0,140,221,"M",65,"GDR","1 - LocalRoots","BA_or_less"
"8","David","1.34936268627456",0,0,0,"0.396614707388518","1.04329835527982",0,2,37,6,"854.00",6,66,0,72,255,"M",68,"NG","1 - LocalRoots","AboveMaster"
"9","Perea","-0.66408821840219",0,0,0,"-0.126504299557878","-0.35094305754855",37,0,10,23,"2899.00000000001",3,180,0,37,130,"M",46,"LREM","1 - 2ndCareer","Master"
"10","Ramadier","-0.886681434341368",0,0,0,"-0.387712976194871","-0.227760410353813",153,0,10,18,"903.000000000003",4,11,0,101,559,"M",59,"LR","1 - LocalRoots","NoInfo"
"11","Tourret","-0.66408821840219",0,0,3,"-0.434006206474387","-1.25972041504068",25,2,7,9,"3098.00000000001",30,68,0,67,86,"M",70,"LREM","5 - Incumbent","Master"
"12","Gaillot","-0.66408821840219",0,0,0,"-0.614531821850337","0.415253786832918",11,1,5,15,"1861.00",0,7,0,23,458,"F",46,"LREM","1 - Novices","BA_or_less"
"13","Louis","0.769426349597021",1,0,0,"-0.0793076089528736","-0.257926626197845",27,2,3,1,"0.00",9,3,0,179,267,"F",34,"LREM","1 - Novices","Master"
"14","Ardisson","-0.66408821840219",0,0,0,"-0.499701666852789","-1.12814973425211",86,1,52,0,"2357.00000000001",7,1,0,17,258,"F",41,"LREM","4 - Entourage","NoInfo"
"15","Freschi","-0.66408821840219",0,0,0,"3.31999815450378","1.06483123470603",0,2,8,1,"1995.00",6,104,0,11,181,"M",38,"LREM","6 - PolExp","Master"
"16","Holroyd","-0.66408821840219",0,0,0,"-0.334983925047313","-0.00627828041019079",15,4,7,20,"3998.00000000001",1,1,0,17,112,"M",30,"LREM","1 - Novices","AboveMaster"
"17","Corbière","0.242535625036333",29,31,8,"0.32141394805159","-0.184307500809138",96,0,32,2,"64800.0000000027",188,229,0,520,301,"M",49,"LFI","1 - LocalRoots","Master"
"18","Thourot","-2.0976027864014",0,0,0,"-0.648303275810301","-0.979218154164686",10,2,4,11,"2999.00000000001",9,5,0,16,201,"F",32,"LREM","1 - Novices","Master"
"19","Lakrafi","-2.0976027864014",0,0,0,"-0.528226762755112","-1.23028714061781",3,0,22,15,"0.00",1,0,0,0,156,"F",39,"LREM","1 - Novices","Master"
"20","Montchalin (de)","0.769426349597021",26,16,2,"0.512026560269067","0.877613911624552",106,3,2,171,"16200.00",54,30,0,247,287,"F",32,"LREM","6 - PolExp","AboveMaster"
"21","Chassaigne","1.51055716400818",6,2,6,"0.663545454261748","0.680881213180254",273,2,58,52,"9369.00000000003",114,94,1,496,234,"M",67,"GDR","5 - Incumbent","BA_or_less"
"22","Villiers","0.381087427353501",0,0,0,"-0.462231186707114","-0.541847194984265",2,0,0,2,"249.000000000001",4,1,0,12,60,"M",63,"LC","1 - LocalRoots","NoInfo"
"23","Khedher","0.769426349597021",0,0,0,"-0.607228711661696","-0.616901857803833",1,0,11,7,"1915.99999999999",4,9,0,11,176,"F",37,"LREM","4 - Entourage","BA_or_less"
"24","Le Meur","-0.66408821840219",0,0,0,"-0.592372986435665","0.0497851055220583",15,1,20,11,"2219.00000000001",2,24,0,12,352,"F",44,"LREM","1 - Novices","Master"
"25","Blanc","-0.66408821840219",0,0,0,"-0.657443886299941","-0.415068844875767",1,1,6,5,"869.999999999998",0,29,0,5,96,"F",51,"LREM","1 - LocalRoots","BA_or_less"
"26","Brugnera","2.20294091759623",1,0,1,"0.087268522918385","0.56634979955793",23,0,6,1,"2599.99999999999",3,8,0,45,321,"F",47,"LREM","6 - PolExp","AboveMaster"
"27","Lang","0.769426349597021",0,0,0,"-0.783081762508452","-1.03986815814149",8,1,1,13,"4064.99999999999",8,6,0,22,136,"F",56,"LREM","5 - Incumbent","Master"
"28","Brunet","-0.66408821840219",0,0,0,"-0.470376109177633","-0.38094129944309",20,0,10,9,"1938.00",2,7,0,12,135,"F",55,"LREM","1 - Novices","AboveMaster"
"29","Genetet","-0.66408821840219",0,0,0,"-0.30057347779668","-0.739905955228123",2,1,13,21,"3385.99999999999",3,0,0,14,215,"F",54,"LREM","1 - Novices","AboveMaster"
"30","Cattelot","-0.66408821840219",0,0,1,"-0.502081231674354","0.0591952152960864",26,2,8,13,"1819.00",0,16,0,31,214,"F",29,"LREM","4 - Entourage","AboveMaster"
"31","Petel","-0.66408821840219",0,0,0,"-0.505611786616631","0.303341805739054",20,0,5,8,"3305.99999999999",3,4,0,13,220,"F",47,"LREM","1 - Novices","Master"
"32","Chapelier","0.769426349597021",1,0,1,"0.12627643150038","1.17703867856792",33,1,10,9,"3690.00000000001",2,54,0,38,279,"F",50,"LREM","1 - Novices","BA_or_less"
"33","Genevard","0.132492628119974",6,7,8,"-0.430797123169018","0.732510277940629",101,0,28,4,"6645.99999999999",44,40,1,890,115,"F",61,"LR","5 - Incumbent","BA_or_less"
"34","Vidal","-0.66408821840219",0,0,0,"0.282881871829986","1.47163425363969",7,1,11,5,"3250.99999999999",3,24,0,20,251,"F",61,"LREM","6 - PolExp","AboveMaster"
"35","Cellier","-0.66408821840219",0,0,0,"-0.144106787370656","0.34560125577522",12,0,5,29,"3410.00000000002",2,181,0,14,219,"M",42,"LREM","6 - PolExp","NoInfo"
"36","Herth","-0.666902997868626",0,0,1,"-0.115186387430978","-0.457328294911933",104,0,16,2,"1204.00000000001",5,7,0,58,105,"M",54,"LC","5 - Incumbent","BA_or_less"
"37","Viala","1.15166669058132",1,0,5,"1.28775990232796","2.5871677341158",300,2,49,13,"2155.00000000001",12,190,0,296,210,"M",43,"LR","5 - Incumbent","Master"
"38","Amadou","0.769426349597021",0,0,0,"0.418830536414323","-0.485999896865827",61,2,3,21,"3612.00",3,24,0,76,212,"F",37,"LREM","1 - Novices","Master"
"39","Bono-Vandorme","-0.66408821840219",0,0,0,"-0.323748320801851","0.838188252087416",11,1,17,1,"940.999999999997",3,1,0,14,290,"F",55,"LREM","1 - 2ndCareer","AboveMaster"
"40","Luquet","1.3006084545613",0,0,0,"-0.311279842942586","-0.603709977912328",18,1,11,3,"756.999999999999",5,4,0,16,138,"F",50,"MODEM","4 - Entourage","Master"
"41","Dufeu Schubert","0.769426349597021",0,0,0,"-0.515914932434917","-0.227760410353813",3,0,14,0,"2053.99999999999",2,7,0,21,224,"F",37,"LREM","1 - Novices","Master"
"42","Pradié","2.17084075304266",3,4,5,"-0.500512193509671","-1.17957691193325",67,0,33,1,"3847.00000000001",44,17,0,94,124,"M",31,"LR","4 - Entourage","BA_or_less"
"43","Taché","-0.66408821840219",13,14,6,"0.54914747325162","-0.916704193053882",99,3,4,133,"9106.99999999999",144,110,0,116,143,"M",33,"LREM","4 - Entourage","Master"
"44","Bergé","2.20294091759623",29,33,12,"-0.700191259134468","0.0678683644098346",7,0,7,99,"41100.0000000009",109,65,0,71,180,"F",31,"LREM","4 - Entourage","AboveMaster"
"45","Bessot Ballot","2.20294091759623",0,0,0,"-0.295938887053966","0.303341805739054",75,0,29,6,"2421.00000000001",2,13,0,13,116,"F",45,"LREM","1 - Novices","BA_or_less"
"46","Pompili","0.769426349597021",5,13,5,"6.70279978394093","3.64277428419914",27,2,44,10,"37400.0000000006",65,62,0,69,206,"F",42,"LREM","5 - Incumbent","AboveMaster"
"47","Lachaud","0.242535625036333",13,8,6,"1.38690921024894","0.798861492360625",160,2,48,9,"14900.00",37,33,0,361,310,"M",37,"LFI","6 - PolExp","Master"
"48","Descamps","0.905082639964564",0,0,0,"-0.223570864734057","-0.0982921139728639",39,0,32,6,"0.00",3,8,0,58,112,"F",56,"LC","1 - 2ndCareer","NoInfo"
"49","Piron","0.769426349597021",0,0,0,"-0.513687626543003","-0.0982921139728639",14,1,5,4,"4039.99999999999",0,1,0,18,363,"F",52,"LREM","1 - Novices","AboveMaster"
"50","Belhaddad","2.20294091759623",0,0,0,"-0.446883109844123","1.33384549709968",33,0,23,13,"2007.99999999999",3,6,0,37,205,"M",48,"LREM","1 - 2ndCareer","Master"
"51","Peyrol","-0.66408821840219",1,0,0,"-0.346507877228488","0.157405458855502",19,3,6,31,"2874.00",6,3,0,38,279,"F",26,"LREM","1 - Novices","Master"
"52","Taurine","-0.346479464337618",0,0,0,"-0.151336887355575","-0.753144445165095",213,0,18,10,"5486.99999999999",9,3,0,141,357,"F",41,"LFI","6 - PolExp","Master"
"53","Dirx","0.769426349597021",0,0,0,"-0.286345147486778","-0.427845200889232",2,1,12,0,"2761.00000000001",1,120,0,4,201,"M",38,"LREM","1 - Novices","Master"
"54","Potterie","-0.66408821840219",0,0,0,"-0.585142886450746","0.514639055919884",32,0,20,2,"3175.00000000001",3,49,0,22,435,"M",50,"LREM","1 - Novices","BA_or_less"
"55","Simian","0.769426349597021",3,0,3,"-0.461747399040241","-0.104488523969607",31,2,41,19,"3740.00000000001",10,340,0,73,135,"M",34,"LREM","1 - 2ndCareer","Master"
"56","Abba","0.769426349597021",0,0,0,"-0.111722256087102","0.457911087615539",10,0,4,4,"4882.00",5,2,0,14,238,"F",41,"LREM","6 - PolExp","BA_or_less"
"57","Couillard","-0.66408821840219",0,0,0,"-0.399972103767246","-0.80592351420335",5,0,29,1,"3880.00000000001",1,6,0,10,154,"F",31,"LREM","1 - Novices","Master"
"58","Poletti","0.132492628119974",0,0,0,"-0.172518505007562","-0.427845200889232",28,2,51,2,"1700.00",7,3,0,24,107,"F",58,"LR","5 - Incumbent","BA_or_less"
"59","Brochand","-1.90585549680271",0,0,0,"-1.0524758984739","-2.31376515907551",0,0,28,1,"0.00",12,25,0,0,27,"M",79,"LR","5 - Incumbent","AboveMaster"
"60","Deflesselles","-1.90585549680271",0,0,0,"-0.471313441515504","-0.918226386278917",0,0,8,0,"1052.00",2,0,0,7,26,"M",64,"LR","5 - Incumbent","NoInfo"
"61","Perrut","1.15166669058132",0,0,0,"-0.141170752656321","0.415253786832918",194,0,61,0,"5702.00000000001",3,154,0,32,83,"M",60,"LR","5 - Incumbent","Master"
"62","Reynès","0.132492628119974",0,0,0,"-0.65628173554423","-1.4531876794313",3,0,2,2,"4036.00",9,8,0,4,30,"M",64,"LR","5 - Incumbent","AboveMaster"
"63","Bouyx","-0.66408821840219",0,0,0,"0.311244725529106","1.93490051053379",2,1,6,3,"2034.99999999999",1,65,0,21,343,"M",47,"LREM","1 - Novices","AboveMaster"
"64","Pancher","-0.666902997868626",0,0,2,"0.583033787039401","-0.249836289403039",270,0,10,15,"5268.00000000002",17,139,0,105,101,"M",59,"LC","5 - Incumbent","Master"
"65","Sorre","0.769426349597021",0,0,0,"0.253049529666354","0.0678683644098346",21,1,52,0,"1219.99999999999",5,158,0,32,156,"M",52,"LREM","1 - LocalRoots","BA_or_less"
"66","Brocard","-0.66408821840219",0,0,0,"-0.385943459656092","0.0179558767377536",19,0,12,2,"1628.00000000001",6,18,0,18,221,"F",36,"LREM","1 - 2ndCareer","Master"
"67","Vallaud","0.198435689158023",12,15,5,"1.76213521306129","1.10419756953299",350,0,34,21,"0.00",149,316,0,284,224,"M",42,"NG","1 - 2ndCareer","AboveMaster"
"68","Hammouche","-1.0925111018315",0,0,0,"0.0560630261745196","0.874549641966298",80,0,28,2,"2067.00",1,9,0,89,317,"M",46,"MODEM","6 - PolExp","AboveMaster"
"69","Bourguignon","-0.66408821840219",0,0,0,"2.24535797119685","2.06871886531308",14,1,0,5,"6630.00000000002",83,86,0,37,290,"F",58,"LREM","5 - Incumbent","NoInfo"
"70","Kuster","0.132492628119974",3,1,0,"0.253049529666354","-0.818320853631224",107,2,33,13,"1100.00",14,16,0,158,330,"F",58,"LR","1 - LocalRoots","BA_or_less"
"71","Liso","-0.66408821840219",0,0,0,"-0.907417517569429","-0.375226244610695",0,0,27,1,"1915.00000000001",4,10,0,8,152,"F",58,"LREM","1 - Novices","NoInfo"
"72","Bilde","-0.3659625273557",0,0,0,"-0.831488978564262","-0.778915436513868",73,0,33,4,"5493.99999999999",34,40,0,95,221,"M",41,"NI","4 - Entourage","Master"
"73","Bonnell","-0.66408821840219",8,4,0,"-0.811765600681178","-1.74343673229397",5,0,1,0,"7394.00",52,84,0,12,191,"M",59,"LREM","1 - Novices","AboveMaster"
"74","Duvergé","-0.294804583033896",0,0,0,"-0.215196560382538","0.306250935397273",38,0,5,1,"427.000000000001",4,91,0,27,143,"M",60,"MODEM","1 - 2ndCareer","AboveMaster"
"75","Fuchs","0.502901935763704",8,0,0,"0.439299698318225","0.909558031991726",113,1,14,5,"2976.00000000001",18,7,0,121,223,"M",58,"MODEM","6 - PolExp","AboveMaster"
"76","Joncour","-0.294804583033896",0,0,0,"-0.457085111205602","-0.294104877601137",0,0,14,0,"1635.00",2,126,0,7,82,"M",64,"MODEM","1 - LocalRoots","BA_or_less"
"77","Millienne","2.0983149733589",0,0,1,"0.10261737423916","0.407357703542784",58,0,7,18,"3071.99999999998",6,17,0,107,360,"M",58,"MODEM","6 - PolExp","NoInfo"
"78","Questel","0.769426349597021",0,0,2,"-0.611355505235144","0.102719137785575",3,1,7,8,"2532.99999999999",6,67,0,45,561,"M",51,"LREM","1 - LocalRoots","Master"
"79","Studer","-0.66408821840219",1,0,3,"4.56335570511355","2.22795458338492",27,2,1,5,"4231.99999999999",18,8,0,100,199,"M",39,"LREM","1 - Novices","Master"
"80","Tan","-0.66408821840219",0,0,0,"-0.357486799036288","-0.427845200889232",5,1,12,12,"1783.00000000001",12,10,0,16,104,"M",50,"LREM","1 - 2ndCareer","Master"
"81","Bureau-Bonnard","-2.0976027864014",0,0,0,"-0.558352782203102","0.759534732633835",3,0,0,4,"2920.00",14,21,1,1247,320,"F",52,"LREM","1 - 2ndCareer","BA_or_less"
"82","Grandjean","0.769426349597021",0,0,0,"-0.318681153604077","0.553042543372932",56,1,34,7,"2842.99999999999",2,27,0,35,228,"F",34,"LREM","1 - Novices","Master"
"83","Abadie","0.769426349597021",0,0,1,"-0.589186842890049","0.503436653322709",12,0,8,3,"3248.99999999999",4,4,0,30,444,"F",41,"LREM","1 - Novices","Master"
"84","Fiat","0.242535625036333",3,2,3,"0.608317606900873","-1.10042253510723",204,2,27,8,"12500.00",27,38,0,294,357,"F",40,"LFI","6 - PolExp","BA_or_less"
"85","Janvier","0.769426349597021",0,1,0,"-0.545499999259543","0.690831299912946",24,0,36,1,"2500.00",5,2,0,28,227,"F",35,"LREM","1 - Novices","AboveMaster"
"86","Fabre","0.769426349597021",0,0,2,"5.10524776424403","0.0937466882395527",307,2,8,13,"4202.99999999999",11,10,0,439,268,"F",39,"LREM","1 - Novices","AboveMaster"
"87","Kamowski","-0.66408821840219",0,0,0,"-0.478343531164576","1.10451292662841",12,2,2,5,"853.00",2,1,0,94,434,"F",59,"LREM","1 - LocalRoots","Master"
"88","Osson","-0.66408821840219",0,0,0,"-0.582748896942581","-0.0390150282633294",3,2,14,4,"1481.00",2,17,0,16,199,"F",43,"LREM","4 - Entourage","BA_or_less"
"89","Racon-Bouzon","0.769426349597021",0,0,0,"-0.492965000699507","-0.209065766227996",16,2,8,9,"2606.00",4,3,0,36,119,"F",41,"LREM","1 - Novices","AboveMaster"
"90","Muschotti","0.769426349597021",3,0,0,"-0.587678339878259","-1.08882297452532",1,0,28,0,"3327.99999999999",3,0,0,7,94,"F",30,"LREM","4 - Entourage","Master"
"91","Rilhac","0.769426349597021",0,0,0,"-0.078512483829584","-0.264452592355562",11,0,13,16,"1419.00000000001",3,5,0,68,357,"F",43,"LREM","1 - Novices","BA_or_less"
"92","Untermaier","0.198435689158023",0,0,4,"0.585752261399964","0.463364901768996",253,1,48,18,"2811.00000000001",23,42,0,198,204,"F",66,"NG","5 - Incumbent","Master"
"93","Roussel","-0.66408821840219",0,0,0,"-0.430797123169018","0.455576147302798",28,0,3,4,"2290.00000000001",3,1,0,37,246,"M",45,"LREM","1 - Novices","Master"
"94","Villani","-0.66408821840219",3,13,1,"0.925671750691415","-0.338070129305272",7,3,3,13,"61600.0000000013",178,190,0,27,196,"M",44,"LREM","6 - PolExp","AboveMaster"
"95","Lavergne (de)","0.769426349597021",0,0,0,"0.0294156122674122","0.810455206173046",96,4,0,20,"4831.00",7,1,0,47,310,"F",38,"LREM","6 - PolExp","AboveMaster"
"96","Calvez","0.769426349597021",5,4,4,"0.0458232712313928","0.954057582450893",7,1,4,7,"7386.00000000001",2,5,0,18,304,"F",38,"LREM","6 - PolExp","AboveMaster"
"97","Motin","0.769426349597021",0,0,1,"-0.265840211960262","1.56508561654046",31,3,3,20,"0.00",17,9,0,329,476,"F",42,"LREM","1 - Novices","Master"
"98","Courson (de)","1.95307306518669",0,0,0,"1.69323165883953","1.1722446423028",480,1,8,15,"6951.00000000001",63,35,0,729,169,"M",65,"LC","5 - Incumbent","AboveMaster"
"99","la Verpillière (de)","-0.886681434341368",0,0,0,"0.0868094866503386","0.090979817278396",28,0,36,1,"4141.99999999999",3,58,0,106,153,"M",63,"LR","5 - Incumbent","AboveMaster"
"100","Lecocq","0.769426349597021",0,0,0,"-0.535638310318001","0.231535444779567",18,1,28,4,"3019.00000000001",0,20,0,13,229,"F",40,"LREM","1 - Novices","Master"
"101","Dubos","-0.66408821840219",0,0,0,"2.57441080695908","0.176563455630556",132,1,3,12,"7192.00000000003",7,11,0,433,491,"F",41,"LREM","6 - PolExp","BA_or_less"
"102","Hutin","-0.95249130795851",0,0,0,"5.9314351979404","1.08787846304252",0,0,13,2,"334.999999999998",8,52,0,115,87,"M",56,"NG","5 - Incumbent","AboveMaster"
"103","Jacob","4.20918887796534",13,10,4,"-0.675655012903728","-0.852862416164576",19,0,2,81,"0.00",222,190,1,240,218,"M",58,"LR","5 - Incumbent","BA_or_less"
"104","Cloarec","-0.66408821840219",0,0,0,"-0.653978577616505","-0.457408337920503",9,1,3,9,"2708.00000000001",2,12,0,7,335,"F",53,"LREM","1 - 2ndCareer","Master"
"105","Hennion","0.769426349597021",0,0,0,"-0.136876687385736","1.27530915657087",19,3,9,9,"3592.99999999998",1,2,0,39,350,"F",62,"LREM","6 - PolExp","Master"
"106","Pires Beaune","1.34936268627456",0,0,2,"0.102926257837346","0.517509685240027",105,2,45,8,"3144.99999999999",14,4,0,265,362,"F",53,"NG","5 - Incumbent","BA_or_less"
"107","Arend","0.769426349597021",0,0,0,"-0.11911327782249","-1.00813705049437",5,1,17,2,"2167.00000000001",19,69,0,28,145,"M",42,"LREM","6 - PolExp","Master"
"108","Blanchet","0.769426349597021",0,0,0,"-0.431275365610758","-0.105653981355557",73,0,52,3,"2887.00000000001",5,100,0,51,268,"M",44,"LREM","6 - PolExp","AboveMaster"
"109","Bouillon","-0.377027809400244",0,0,3,"-0.0821581691455484","-0.603709977912328",139,1,34,19,"5008.00000000002",10,175,0,114,157,"M",48,"NG","5 - Incumbent","Master"
"110","Di Pompeo","-2.0976027864014",0,0,0,"-0.343258468726386","-0.204944662075739",0,3,6,0,"1709.00000000001",0,24,0,2,64,"M",53,"LREM","1 - LocalRoots","NoInfo"
"111","Euzet","-0.66408821840219",0,0,0,"-0.500512193509671","-0.378141880858985",38,2,10,4,"1537.00",4,70,0,52,183,"M",50,"LREM","1 - Novices","AboveMaster"
"112","Jerretie","0.769426349597021",0,0,0,"-0.254316259779086","1.40140187727477",5,3,33,8,"2181.00000000001",8,2,0,77,164,"M",38,"LREM","6 - PolExp","Master"
"113","Lejeune","0.769426349597021",0,0,0,"0.125910230217214","1.86068400498397",10,0,18,12,"0.00",1,85,0,16,150,"M",48,"LREM","1 - LocalRoots","Master"
"114","Naegelen","0.905082639964564",0,0,1,"0.439299698318225","0.820397816466328",103,3,42,12,"411.999999999999",4,9,0,131,168,"M",34,"LC","1 - Novices","AboveMaster"
"115","Guion-Firmin","0.132492628119974",0,0,0,"-0.683563644441132","-0.641126679973854",1,0,2,0,"0.00",0,0,0,7,146,"F",60,"LR","1 - LocalRoots","NoInfo"
"116","O'Petit","-2.0976027864014",4,2,0,"-0.928140143412925","-1.48296276716202",17,0,57,0,"0.00",10,26,0,5,53,"F",68,"LREM","1 - Novices","BA_or_less"
"117","Pitollat","0.769426349597021",0,0,0,"-0.7230104002073","0.0478171027262148",8,0,3,0,"3435.99999999998",4,0,0,27,145,"F",38,"LREM","1 - Novices","AboveMaster"
"118","Ganay (de)","-1.90585549680271",0,0,1,"-0.186895718317788","0.680881213180254",26,2,8,5,"4637.00000000001",1,0,0,11,150,"M",64,"LR","5 - Incumbent","Master"
"119","Goasguen","0.132492628119974",10,2,3,"0.183189752739988","-0.338684985363835",4,1,12,1,"20699.9999999999",37,27,0,96,117,"M",72,"LR","5 - Incumbent","AboveMaster"
"120","Autain","-0.346479464337618",19,17,5,"0.681181313586559","-0.51700541641463",50,1,31,2,"52399.9999999999",102,73,0,289,183,"F",44,"LFI","1 - LocalRoots","Master"
"121","Le Grip","0.132492628119974",12,0,6,"0.999064060032215","1.67408632210925",85,1,31,41,"6905.99999999998",7,7,0,148,312,"F",57,"LR","4 - Entourage","AboveMaster"
"122","Dubost","-0.66408821840219",6,0,4,"-0.515291301739734","0.0225756346781485",16,0,0,2,"7830.00000000002",17,34,0,30,202,"F",34,"LREM","1 - Novices","Master"
"123","Vignon","-0.66408821840219",0,0,0,"-0.604670132908795","0.323394615806242",4,1,51,8,"2048.99999999999",1,2,0,35,312,"F",54,"LREM","6 - PolExp","AboveMaster"
"124","Isaac-Sibille","-0.294804583033896",0,0,0,"-0.190479197364031","0.0478171027262148",34,1,15,5,"1264.00",2,32,0,43,132,"M",59,"MODEM","1 - LocalRoots","AboveMaster"
"125","Abad","1.15166669058132",17,11,10,"-0.450825737394195","-1.20680325370569",380,0,52,12,"12900.00",116,193,0,141,85,"M",37,"LR","5 - Incumbent","AboveMaster"
"126","Adam","-0.66408821840219",0,0,0,"-0.0573455875516219","1.10627135642621",15,1,29,24,"2564.00",8,91,0,34,227,"M",28,"LREM","1 - Novices","Master"
"127","Pichereau","0.769426349597021",0,0,0,"-0.34084392988414","-0.300389673475794",8,4,17,16,"2872.00",4,90,0,32,175,"M",29,"LREM","6 - PolExp","AboveMaster"
"128","Fasquelle","1.15166669058132",9,10,3,"-0.0934960874762194","-0.457328294911933",122,1,18,27,"1599.99999999999",128,312,0,62,111,"M",54,"LR","5 - Incumbent","AboveMaster"
"129","Labaronne","-0.66408821840219",0,0,0,"-0.288888116322612","1.00856090303711",44,2,30,1,"2773.99999999999",3,143,0,61,262,"M",62,"LREM","6 - PolExp","AboveMaster"
"130","Cazarian","2.20294091759623",0,0,0,"-0.74163651082146","-1.53834959328958",1,0,16,0,"0.00",0,14,0,7,66,"F",52,"LREM","6 - PolExp","NoInfo"
"131","Hérin","0.769426349597021",0,0,2,"-0.451519749012514","0.677123451813063",9,2,0,8,"2761.00000000001",4,35,0,10,260,"F",70,"LREM","6 - PolExp","AboveMaster"
"132","Obono","-0.346479464337618",28,8,3,"1.88631378564551","1.22472818128955",473,0,10,18,"23200.0000000011",50,17,0,827,515,"F",37,"LFI","6 - PolExp","Master"
"133","Brulebois","0.769426349597021",0,0,0,"-0.414754147238023","0.356804319470028",15,0,30,4,"1238.00",7,38,0,110,316,"F",70,"LREM","1 - 2ndCareer","AboveMaster"
"134","Habib","-1.52795480651678",1,0,3,"-0.44878531470445","-0.818931147949832",22,0,6,2,"1597.99999999999",37,248,0,116,160,"M",56,"NG","5 - Incumbent","AboveMaster"
"135","Lorion","1.15166669058132",0,0,0,"-0.399972103767246","-0.755370130130594",54,0,28,5,"982.000000000003",2,5,0,31,59,"M",53,"LR","1 - LocalRoots","AboveMaster"
"136","Bagarry","0.769426349597021",0,0,0,"-0.397574665136413","1.42570466812635",18,1,9,7,"2494.00",10,2,0,60,341,"F",47,"LREM","1 - LocalRoots","AboveMaster"
"137","Batho","-0.95249130795851",7,11,6,"1.18623160985453","0.430120155847552",237,0,17,18,"61299.9999999972",85,111,0,149,175,"F",44,"NG","5 - Incumbent","BA_or_less"
"138","O","0.769426349597021",0,0,0,"-0.457085111205602","-0.427845200889232",1,0,0,17,"3938.00000000001",7,0,0,16,183,"F",32,"LREM","1 - Novices","AboveMaster"
"139","Masséglia","0.769426349597021",0,0,0,"-0.30057347779668","0.508337062127438",13,0,22,2,"5308.99999999998",5,104,0,14,242,"M",36,"LREM","1 - Novices","AboveMaster"
"140","Sommer","-0.66408821840219",0,0,0,"-0.382700086873","0.683676856064548",69,0,25,6,"1159.00",3,72,0,22,226,"M",60,"LREM","1 - LocalRoots","BA_or_less"
"141","Baichère","-0.66408821840219",0,0,0,"-0.353073878477007","-0.459594818896671",9,0,1,33,"8502.99999999997",2,10,0,8,226,"M",47,"LREM","6 - PolExp","Master"
"142","Le Gac","0.769426349597021",0,0,0,"0.331189133943309","0.838188252087416",4,0,52,9,"2421.00000000001",0,192,0,51,176,"M",52,"LREM","1 - LocalRoots","Master"
"143","Martin","0.769426349597021",0,0,1,"-0.455001086722195","1.19079025649854",41,2,6,7,"2461.00",4,62,0,24,341,"M",61,"LREM","1 - LocalRoots","NoInfo"
"144","Paris","0.769426349597021",0,0,0,"0.00197748631247322","-0.418213632412699",16,0,5,10,"0.00",12,178,0,86,170,"M",63,"LREM","6 - PolExp","Master"
"145","Quentin","0.132492628119974",0,0,0,"-0.0586918625283458","0.954138139754424",0,2,43,6,"1387.00",1,124,0,12,38,"M",71,"LR","5 - Incumbent","AboveMaster"
"146","Houbron","0.769426349597021",0,0,0,"-0.677861492270428","-0.338070129305272",44,0,48,6,"2410.00",4,56,0,47,209,"M",26,"LREM","6 - PolExp","Master"
"147","Cinieri","0.132492628119974",0,0,0,"0.166787511980883","1.7401631069687",444,0,56,5,"2375.99999999999",8,249,0,97,143,"M",62,"LR","5 - Incumbent","BA_or_less"
"148","Da Silva","0.769426349597021",0,0,0,"-0.397574665136413","0.736760885426284",25,0,1,10,"3418.00",4,8,0,25,392,"M",49,"LREM","1 - 2ndCareer","NoInfo"
"149","David","0.769426349597021",0,0,0,"-0.571224944761406","1.00856090303711",1,2,0,5,"3643.00000000001",2,9,0,8,159,"F",54,"LREM","1 - Novices","NoInfo"
"150","Potier","0.773899187716289",1,0,2,"1.4320550093418","0.97949300631771",293,1,49,79,"6198.00",32,192,0,228,228,"M",53,"NG","5 - Incumbent","NoInfo"
"151","Toutut-Picard","-0.66408821840219",0,0,0,"-0.0721389300655266","1.15012715504633",45,2,50,8,"1786.00",3,5,0,33,205,"F",63,"LREM","1 - LocalRoots","AboveMaster"
"152","Fajgeles","2.20294091759623",3,3,2,"2.27796015374218","0.583580156430136",189,3,0,49,"4920.99999999999",22,12,0,587,357,"F",47,"LREM","1 - 2ndCareer","Master"
"153","Jacquier-Laforge","-0.294804583033896",0,0,2,"-0.182761366563315","-0.378141880858985",42,3,22,26,"1440.00",3,0,0,83,219,"F",39,"MODEM","4 - Entourage","Master"
"154","Faucillon","-0.0520881780692474",1,0,5,"0.398107910570827","-0.0429052878452978",150,0,8,10,"9687.00000000002",38,20,0,248,258,"F",36,"GDR","4 - Entourage","Master"
"155","Bonnivard","-0.886681434341368",0,0,1,"-0.444461470768478","-0.300909011088438",162,2,35,22,"1882.00",12,2,0,95,228,"F",37,"LR","4 - Entourage","Master"
"156","Cariou","0.769426349597021",1,0,0,"0.143260090471459","2.6126615478409",69,4,9,11,"2665.99999999999",13,62,0,90,306,"F",46,"LREM","6 - PolExp","AboveMaster"
"157","Chalas","0.769426349597021",0,0,0,"-0.197540474793378","-0.137711371536705",24,4,1,17,"3412.00000000001",9,3,0,175,292,"F",40,"LREM","1 - Novices","Master"
"158","Guerel","-0.66408821840219",0,2,0,"-0.392174622043883","-1.04949621479853",12,1,48,4,"3205.00",1,1,0,14,173,"F",34,"LREM","1 - Novices","BA_or_less"
"159","Maquet","0.132492628119974",0,0,0,"-0.0969402126163251","0.255697551324517",167,0,23,2,"1096.00",6,47,0,42,138,"M",49,"LR","1 - LocalRoots","NoInfo"
"160","Anthoine","0.132492628119974",0,0,0,"-0.182125613047065","0.621736625685496",160,0,49,0,"542.000000000002",1,0,0,72,379,"F",53,"LR","1 - 2ndCareer","BA_or_less"
"161","Fontaine-Domeizel","0.769426349597021",0,0,0,"-0.614531821850337","0.874549641966298",14,0,14,1,"0.00",0,0,0,12,183,"F",44,"LREM","6 - PolExp","BA_or_less"
"162","Ménard","-0.3659625273557",8,7,4,"-0.346549586948402","-0.119252694622606",538,0,54,3,"3463.99999999999",35,49,0,650,651,"F",49,"NI","6 - PolExp","Master"
"163","Alauzet","-2.0976027864014",1,0,7,"0.0856403295655831","0.779403668065136",196,1,42,22,"4022.00",24,72,0,98,243,"M",59,"LREM","5 - Incumbent","AboveMaster"
"164","Bothorel","0.769426349597021",0,0,0,"-0.0573455875516219","1.44434695671554",96,2,5,23,"5511.99999999998",10,237,0,43,355,"M",51,"LREM","5 - Incumbent","BA_or_less"
"165","Ciotti","0.132492628119974",28,21,7,"0.0463148110026624","1.14458467818212",347,1,47,9,"13599.9999999999",274,215,1,333,193,"M",52,"LR","5 - Incumbent","AboveMaster"
"166","Coquerel","0.242535625036333",29,26,22,"0.517788536359655","0.615719928799443",304,3,16,22,"36199.9999999996",192,173,0,770,410,"M",59,"LFI","6 - PolExp","NoInfo"
"167","Diard","0.132492628119974",0,0,0,"-0.463564422934513","-0.458285383966412",155,0,21,2,"1290.00",9,6,0,99,178,"M",52,"LR","5 - Incumbent","Master"
"168","Girardin","0.769426349597021",0,0,0,"-0.215203495937268","1.8011601872457",17,0,5,3,"2246.00",1,0,0,18,399,"M",55,"LREM","1 - Novices","AboveMaster"
"169","Pauget","0.132492628119974",0,0,0,"-0.288708787069046","-0.119252694622606",175,1,30,5,"1918.00",6,5,0,57,204,"M",47,"LR","1 - LocalRoots","BA_or_less"
"170","Poulliat","0.769426349597021",0,0,0,"-0.663082384040365","-0.177783123090418",6,1,5,0,"1425.00",16,48,0,13,302,"M",43,"LREM","1 - 2ndCareer","NoInfo"
"171","Straumann","0.132492628119974",0,0,0,"-0.577912786465826","-0.119252694622606",65,0,35,4,"3526.00",7,6,0,39,129,"M",53,"LR","5 - Incumbent","Master"
"172","Woerth","0.132492628119974",14,21,7,"3.63501760136756","1.76150610365929",118,0,14,9,"54100.0000000002",153,152,0,299,117,"M",61,"LR","5 - Incumbent","AboveMaster"
"173","Bareigts","0.198435689158023",2,2,2,"0.174403293473024","-0.687056265487192",234,0,46,9,"12400.00",19,14,0,168,135,"F",50,"NG","5 - Incumbent","Master"
"174","Balanant","0.502901935763704",1,0,4,"0.888723980116257","1.0644411750747",94,1,11,5,"3139.00",22,245,0,232,326,"M",46,"MODEM","6 - PolExp","AboveMaster"
"175","Di Filippo","0.132492628119974",4,1,0,"0.231858411845158","0.810455206173046",67,0,53,0,"0.00",42,38,0,494,414,"M",31,"LR","4 - Entourage","AboveMaster"
"176","Gouttefarde","0.769426349597021",0,0,0,"-0.323748320801851","0.287613615912349",24,0,32,10,"2648.00",3,35,0,34,218,"M",39,"LREM","6 - PolExp","AboveMaster"
"177","Lainé","-1.8902176206291",0,0,0,"-0.00116718637513062","-0.0270004619019755",66,0,5,1,"0.00",1,98,0,44,82,"M",41,"MODEM","6 - PolExp","BA_or_less"
"178","Matras","-0.66408821840219",0,0,0,"-0.788704803995901","-0.618572390181265",3,1,15,4,"0.00",9,1,0,7,88,"M",33,"LREM","1 - 2ndCareer","Master"
"179","Roussel","-0.0520881780692474",0,0,9,"-0.19669649887321","-1.38122169024201",127,3,13,18,"6067.99999999997",74,119,0,249,133,"M",48,"GDR","1 - 2ndCareer","BA_or_less"
"180","Colboc","0.769426349597021",0,0,0,"0.00437801954440054","-0.209065766227996",13,0,13,9,"2729.00000000001",3,26,0,30,369,"F",46,"LREM","1 - Novices","BA_or_less"
"181","Brun","0.132492628119974",0,0,0,"0.531296634891683","-0.300389673475794",314,2,65,3,"1173.00",5,2,0,185,193,"M",49,"LR","4 - Entourage","BA_or_less"
"182","Le Vigoureux","0.769426349597021",0,0,0,"-0.594272849123756","-0.399119254647854",0,2,4,7,"987.000000000002",2,30,0,21,233,"M",48,"LREM","1 - 2ndCareer","AboveMaster"
"183","Khattabi","-0.66408821840219",0,0,0,"-0.496191554551833","0.185605859266229",10,0,8,2,"1980.00",1,14,0,21,380,"F",55,"LREM","1 - LocalRoots","Master"
"184","Charvier","-0.66408821840219",0,0,0,"-0.389351871482026","1.17560488696116",5,0,14,2,"2388.00",4,8,0,13,472,"F",33,"LREM","1 - Novices","BA_or_less"
"185","Lazaar","0.769426349597021",0,0,0,"0.15467991558994","-0.135901239327137",33,2,12,16,"5475.00",3,10,0,21,286,"F",32,"LREM","1 - Novices","AboveMaster"
"186","Granjus","-0.66408821840219",0,0,0,"-0.732872089148842","-0.365549166893827",5,0,12,3,"1114.00",4,5,0,16,261,"F",55,"LREM","1 - Novices","NoInfo"
"187","Lasserre-David","-1.8902176206291",0,0,0,"-0.407363125502635","-0.603709977912328",31,0,13,2,"0.00",2,23,0,30,140,"F",43,"MODEM","6 - PolExp","NoInfo"
"188","Boudié","-0.66408821840219",0,0,2,"-0.411837544129293","0.0225756346781485",51,0,9,10,"4957.99999999998",22,78,0,97,189,"M",44,"LREM","5 - Incumbent","AboveMaster"
"189","Bachelier","-0.66408821840219",6,0,2,"-0.65610464112029","-0.734882136984205",0,0,1,14,"6751.99999999999",43,128,1,8,188,"M",38,"LREM","6 - PolExp","Master"
"190","Vercamer","-1.71489342309075",0,0,0,"0.647764362667041","-0.870774607540544",248,1,18,18,"1755.00",9,31,0,240,189,"M",59,"LC","5 - Incumbent","AboveMaster"
"191","Marlin","-0.886681434341368",0,0,0,"-0.675655012903728","-2.38660604550941",8,0,53,0,"2294.00000000001",5,64,0,1,21,"M",53,"LR","5 - Incumbent","NoInfo"
"192","Riester","-1.19089821047969",19,8,7,"-1.03175327263041","-2.03683102843768",1,0,3,31,"43899.9999999998",125,148,0,23,109,"M",43,"LC","5 - Incumbent","AboveMaster"
"193","André","-0.66408821840219",0,0,0,"-0.323748320801851","-0.223634260535928",2,1,5,1,"4788.00",5,54,0,29,142,"M",50,"LREM","5 - Incumbent","Master"
"194","Cormier-Bouligeon","-0.66408821840219",0,0,0,"-0.845249640038941","-0.541386722993393",3,0,6,21,"0.00",3,6,0,30,106,"M",45,"LREM","4 - Entourage","Master"
"195","Cornut-Gentille","-0.886681434341368",0,0,6,"-0.53665308821788","-1.21753795097632",9,3,35,12,"2616.00000000001",35,22,0,51,114,"M",59,"LR","5 - Incumbent","BA_or_less"
"196","Rugy (de)","-2.0976027864014",24,28,7,"-0.648303275810301","-1.29979216659439",0,0,2,3,"56200.0000000009",321,495,1,1573,0,"M",44,"LREM","5 - Incumbent","AboveMaster"
"197","Jolivet","-0.66408821840219",0,0,0,"-0.53665308821788","-0.333645758941577",53,2,3,17,"2334.00000000001",4,137,0,79,277,"M",51,"LREM","1 - LocalRoots","Master"
"198","Lambert","-2.0976027864014",3,1,0,"-0.16345940823482","-1.56422427529468",179,0,9,7,"7768.99999999997",60,32,0,38,91,"M",51,"LREM","5 - Incumbent","Master"
"199","Pupponi","-0.377027809400244",12,1,2,"2.07352208081831","-0.595539741766686",806,0,1,11,"3852.99999999999",58,92,0,564,156,"M",55,"NG","5 - Incumbent","Master"
"200","Ruffin","-0.346479464337618",9,13,0,"1.42482490935688","-1.04896059541826",310,1,18,4,"101999.999999998",208,339,0,443,194,"M",42,"LFI","1 - Novices","Master"
"201","Dumas","-0.66408821840219",0,0,0,"-0.353073878477007","0.287613615912349",28,0,34,4,"3089.00",5,29,0,12,169,"F",57,"LREM","5 - Incumbent","Master"
"202","Barbier","-0.66408821840219",0,0,0,"-0.4428567808957","-0.160364554313041",5,0,33,5,"2574.99999999999",12,109,0,8,94,"M",57,"LREM","5 - Incumbent","NoInfo"
"203","Descrozaille","-2.0976027864014",0,0,0,"-0.471313441515504","-1.23028714061781",23,0,0,8,"2243.00000000001",2,11,0,47,218,"M",50,"LREM","6 - PolExp","AboveMaster"
"204","Petit","-1.0925111018315",0,0,0,"0.154733092120184","0.240856415551247",16,2,6,29,"1748.00",3,1,0,53,188,"M",56,"MODEM","6 - PolExp","AboveMaster"
"205","Reiss","-0.886681434341368",0,0,0,"0.667502046536277","1.84024680049195",51,0,21,3,"0.00",1,0,0,94,252,"M",68,"LR","5 - Incumbent","Master"
"206","Dumas","0.769426349597021",1,5,0,"-0.265016116421049","0.0124815382822684",2,1,7,116,"5114.99999999998",5,3,0,16,239,"F",54,"LREM","1 - LocalRoots","Master"
"207","Lardet","-2.0976027864014",0,0,0,"-0.00116718637513062","1.38876288826248",85,1,39,8,"2025.00",0,0,0,9,314,"F",51,"LREM","6 - PolExp","AboveMaster"
"208","Meunier","-0.886681434341368",0,0,0,"-0.492965000699507","-0.319839418483129",10,0,41,1,"646.999999999997",1,0,0,35,69,"F",57,"LR","6 - PolExp","Master"
"209","Tuffnell","0.769426349597021",0,0,0,"-0.244760647324092","-0.249836289403039",18,1,10,3,"1033.00",0,21,0,8,160,"F",61,"LREM","6 - PolExp","Master"
"210","Attal","0.769426349597021",13,16,3,"1.99375010052003","0.56634979955793",42,2,8,19,"26199.9999999989",106,83,0,211,245,"M",28,"LREM","4 - Entourage","AboveMaster"
"211","Serville","-0.0520881780692474",0,0,1,"-0.422145168973411","-0.603709977912328",53,1,24,0,"3377.00000000002",9,4,0,117,120,"M",58,"GDR","5 - Incumbent","Master"
"212","Le Bohec","0.769426349597021",0,0,0,"-0.223570864734057","1.12021806083359",46,0,9,7,"2776.00",4,81,0,31,293,"M",40,"LREM","1 - Novices","AboveMaster"
"213","Levy","-0.886681434341368",0,0,0,"-0.762457155973468","-1.4219296337006",5,0,19,0,"905.00",0,0,0,3,75,"F",69,"LR","5 - Incumbent","Master"
"214","Pau-Langevin","0.773899187716289",1,0,2,"0.522443665631804","0.289415668920099",66,1,16,29,"27100.0000000001",17,7,0,55,75,"F",69,"NG","5 - Incumbent","Master"
"215","Bannier","1.3006084545613",0,0,0,"-0.119957735516576","1.00944440857846",5,0,19,2,"1372.99999999999",3,28,0,37,304,"F",38,"MODEM","6 - PolExp","Master"
"216","Cherpion","-0.886681434341368",0,0,0,"0.923891653030217","-0.411478752407165",302,0,2,4,"2786.99999999999",21,14,0,238,147,"M",69,"LR","5 - Incumbent","AboveMaster"
"217","Menuel","-0.886681434341368",0,0,0,"-0.303888821207198","0.91289154427034",42,2,24,4,"0.00",0,2,0,42,114,"M",65,"LR","5 - Incumbent","BA_or_less"
"218","Collard","-0.3659625273557",8,9,2,"-0.796094358110932","-2.10122719766866",37,0,33,2,"18099.9999999999",89,194,0,62,103,"M",69,"NI","5 - Incumbent","Master"
"219","Carrez","-0.886681434341368",4,2,3,"-0.144838714057922","-1.02111746385749",25,2,1,7,"5623.00",75,42,0,181,46,"M",69,"LR","5 - Incumbent","AboveMaster"
"220","Le Gendre","-0.66408821840219",18,18,11,"-0.600034825214344","-0.202698767529022",0,2,4,26,"15400.0000000001",110,45,0,70,405,"M",59,"LREM","1 - Novices","AboveMaster"
"221","Lurton","1.15166669058132",0,0,1,"0.953476719854843","2.39022596390645",250,3,48,10,"5180.00000000001",27,269,0,419,647,"M",54,"LR","5 - Incumbent","NoInfo"
"222","Biémouret","0.198435689158023",0,0,0,"0.501721039788308","0.123255190537401",82,0,29,2,"2611.00",3,2,0,88,213,"F",65,"NG","5 - Incumbent","NoInfo"
"223","Melchior","-0.66408821840219",0,0,0,"-0.440540886752356","0.514639055919884",17,1,30,3,"2388.00",2,20,0,16,450,"F",57,"LREM","1 - Novices","AboveMaster"
"224","Besson-Moreau","0.769426349597021",0,0,0,"0.766885810729202","0.472379605883718",46,2,55,17,"3861.99999999999",11,16,0,48,184,"M",35,"LREM","1 - Novices","BA_or_less"
"225","Galbadon","-0.66408821840219",0,0,0,"-0.638023381603979","0.510962973430364",17,0,28,3,"0.00",0,129,0,10,124,"M",44,"LREM","1 - 2ndCareer","NoInfo"
"226","Chiche","-0.66408821840219",0,0,1,"-0.594808443967253","-0.687056265487192",31,0,5,6,"4244.00000000001",66,145,0,20,153,"M",31,"LREM","4 - Entourage","Master"
"227","Garot","-0.377027809400244",6,2,4,"0.716072178276391","-0.0476227531120163",97,1,36,53,"18200.00",26,149,0,138,164,"M",51,"NG","5 - Incumbent","AboveMaster"
"228","Gouffier-Cha","0.769426349597021",0,0,1,"-0.245546833668101","0.562900933999882",22,1,8,21,"2893.00",9,21,0,53,335,"M",31,"LREM","4 - Entourage","Master"
"229","Kasbarian","0.769426349597021",0,0,0,"0.0583360122070903","1.40208750667937",0,2,10,9,"4412.99999999999",9,5,0,19,255,"M",30,"LREM","1 - Novices","Master"
"230","Larrivé","-1.90585549680271",12,9,11,"0.785270222505815","0.102719137785575",129,1,30,2,"2300.00000000001",154,78,0,354,203,"M",40,"LR","5 - Incumbent","AboveMaster"
"231","Peltier","0.132492628119974",12,11,5,"-0.865972265882437","-1.75989689779985",11,1,27,9,"39600.0000000006",101,235,0,35,63,"M",41,"LR","6 - PolExp","Master"
"232","Vuilletet","0.769426349597021",0,0,0,"-0.138424041873126","0.663723659537562",67,3,10,6,"1460.00",8,12,0,83,382,"M",50,"LREM","1 - LocalRoots","Master"
"233","Bricout","0.381087427353501",0,0,1,"-0.200414516911762","0.154590783179006",126,0,20,1,"0.00",3,71,0,80,137,"M",73,"LC","1 - LocalRoots","NoInfo"
"234","Teissier","1.15166669058132",0,0,0,"-0.329030138416484","-1.497767787194",15,2,28,5,"7570.00000000002",10,1,0,14,47,"M",72,"LR","5 - Incumbent","Master"
"235","Rouillard","-0.66408821840219",2,0,0,"-0.57790315398654","-0.38094129944309",0,0,11,4,"5516.00",8,137,0,2,74,"M",41,"LREM","5 - Incumbent","Master"
"236","Vainqueur-Christophe","-0.95249130795851",0,0,0,"-0.437021420902581","-1.14635212062057",104,0,0,2,"369.00",3,0,0,37,118,"F",61,"NG","5 - Incumbent","AboveMaster"
"237","Zannier","-0.66408821840219",0,0,0,"-0.670471938155396","0.303077895554142",4,0,3,4,"1526.00",0,2,0,73,440,"F",45,"LREM","6 - PolExp","AboveMaster"
"238","Berville","-0.66408821840219",9,3,1,"-0.4428567808957","-1.09654681732971",0,0,1,6,"4794.00000000001",23,218,0,5,125,"M",27,"LREM","1 - Novices","AboveMaster"
"239","Pellois","-0.66408821840219",0,0,0,"-0.421413566406127","1.43413862512791",26,2,29,17,"2606.00",6,95,0,34,104,"M",66,"LREM","5 - Incumbent","AboveMaster"
"240","Saulignac","0.198435689158023",0,0,4,"0.139572482916101","0.710678007979317",37,0,38,8,"3199.99999999999",10,9,0,147,165,"M",47,"NG","1 - LocalRoots","Master"
"241","Julien-Laferriere","0.769426349597021",0,0,0,"-0.30057347779668","0.107116092263151",1,2,5,5,"2786.00000000001",5,18,0,15,200,"M",51,"LREM","1 - LocalRoots","Master"
"242","Wulfranc","0.729234492969466",0,0,3,"0.139572482916101","0.00293063096073929",111,1,24,1,"0.00",27,101,0,250,249,"M",61,"GDR","1 - LocalRoots","Master"
"243","Renson","-0.66408821840219",14,8,4,"-0.4428567808957","0.285436523313945",14,1,14,6,"1100.00",68,33,1,1560,138,"M",39,"LREM","4 - Entourage","AboveMaster"
"244","Bello","-0.833410849107961",0,0,0,"-0.308383786518851","-1.74058143368524",33,2,27,16,"1820.99999999999",6,3,0,52,108,"F",67,"GDR","5 - Incumbent","BA_or_less"
"245","Tiegna","-0.66408821840219",0,0,0,"-0.433310786767436","0.430120155847552",18,0,3,3,"2690.00000000001",5,0,0,30,382,"F",35,"LREM","1 - Novices","AboveMaster"
"246","Boucard","0.132492628119974",1,0,2,"-0.568127968094821","-1.32478353288606",42,0,24,1,"2334.00000000001",22,99,0,68,180,"M",29,"LR","4 - Entourage","AboveMaster"
"247","Florennes","0.502901935763704",0,2,2,"-0.278825570058725","0.503436653322709",46,2,2,14,"1922.00",1,1,0,95,482,"F",50,"MODEM","4 - Entourage","Master"
"248","Rauch","-0.66408821840219",0,0,0,"-0.00177854128873775","0.998718247517123",2,4,31,4,"516.999999999998",2,5,0,14,225,"F",49,"LREM","1 - 2ndCareer","NoInfo"
"249","Valentin","0.132492628119974",0,0,0,"-0.663840266558048","-0.870774607540544",96,0,29,10,"1353.00",2,23,0,57,272,"F",55,"LR","6 - PolExp","NoInfo"
"250","Dubois","-0.66408821840219",0,0,0,"0.377385284727331","1.50792584372656",14,0,21,6,"1223.00",1,33,0,24,368,"F",60,"LREM","6 - PolExp","AboveMaster"
"251","Maquet","0.769426349597021",0,0,0,"-0.329030138416484","-0.383265093126534",20,0,52,6,"1369.00",4,11,0,16,96,"F",68,"LREM","5 - Incumbent","NoInfo"
"252","Cattin","-0.886681434341368",0,0,0,"-0.657443886299941","-1.21799839556292",52,0,67,2,"696.999999999998",1,1,0,6,73,"M",59,"LR","1 - LocalRoots","NoInfo"
"253","Krabal","-0.66408821840219",0,1,0,"-0.569965603681178","-1.96865134787673",0,0,8,5,"2854.00",9,3,0,19,66,"M",69,"LREM","5 - Incumbent","BA_or_less"
"254","Maire","2.20294091759623",1,1,4,"0.0551347799508703","0.107116092263151",0,0,6,70,"2885.99999999998",15,19,0,19,107,"M",55,"LREM","1 - LocalRoots","AboveMaster"
"255","Marilossian","0.769426349597021",0,0,0,"0.194336531459245","0.916841771540997",16,1,62,17,"2826.00",0,6,0,33,249,"M",59,"LREM","6 - PolExp","AboveMaster"
"256","Savatier","-0.66408821840219",0,0,0,"-0.588510873033168","-0.791960228885518",0,2,0,10,"1908.00",5,53,0,11,65,"M",65,"LREM","1 - LocalRoots","Master"
"257","Djebbari","2.20294091759623",13,5,5,"0.287392917623868","-0.654263361985083",42,2,11,6,"4520.99999999998",35,29,0,183,192,"M",35,"LREM","1 - Novices","AboveMaster"
"258","Moreau","0.769426349597021",3,6,5,"5.26400800134914","0.894974106245378",203,4,0,25,"5759.00000000001",36,37,0,560,299,"M",40,"LREM","6 - PolExp","AboveMaster"
"259","Sempastous","-0.66408821840219",0,0,0,"-0.447770986737275","0.0497851055220583",64,2,16,5,"1208.00",2,10,0,39,366,"M",53,"LREM","1 - LocalRoots","BA_or_less"
"260","Grelier","-1.90585549680271",0,0,1,"0.420945517011574","0.185605859266229",127,0,54,20,"656.00",3,80,0,23,47,"M",51,"LR","1 - LocalRoots","AboveMaster"
"261","Colas-Roy","0.769426349597021",0,0,0,"0.457386417537799","1.16565846463412",139,4,3,13,"2999.00000000001",3,2,0,107,269,"M",39,"LREM","6 - PolExp","AboveMaster"
"262","Larsonneur","-0.66408821840219",0,0,0,"-0.41172499382732","-1.20680325370569",2,1,20,12,"2645.00",2,68,0,9,77,"M",33,"LREM","1 - Novices","AboveMaster"
"263","Taugourdeau","0.132492628119974",0,0,0,"-0.606833186405505","-1.68285234596075",52,0,11,2,"3750.00000000001",5,44,0,56,72,"M",64,"LR","5 - Incumbent","AboveMaster"
"264","Lagarde","0.905082639964564",12,15,6,"0.282313204484715","-0.498921578623462",202,0,24,3,"11700.00",100,122,0,349,120,"M",50,"LC","5 - Incumbent","BA_or_less"
"265","Bouchet","-0.886681434341368",0,0,0,"-0.592372986435665","-1.64059289592458",62,0,39,0,"1217.00",2,1,0,52,129,"M",60,"LR","5 - Incumbent","NoInfo"
"266","Leclabart","0.769426349597021",0,0,0,"-0.466491299385741","2.53059983459852",25,0,0,2,"3146.00000000001",4,0,0,29,371,"M",63,"LREM","1 - LocalRoots","BA_or_less"
"267","Acquaviva","2.5617376914899",4,1,0,"1.35134869937165","-0.375226244610695",376,0,25,5,"6145.00",17,10,0,139,133,"M",44,"NI","1 - 2ndCareer","Master"
"268","Cesarini","0.769426349597021",1,0,0,"-0.466491299385741","-0.856476898276106",28,1,0,8,"1512.00000000001",7,18,0,20,95,"M",47,"LREM","6 - PolExp","AboveMaster"
"269","Eliaou","0.769426349597021",0,0,0,"0.340964319835027","1.38876288826248",22,1,6,22,"2359.99999999999",14,39,0,27,182,"M",61,"LREM","6 - PolExp","AboveMaster"
"270","Mbaye","0.769426349597021",0,0,1,"-0.215203495937268","0.686657493178233",44,0,14,9,"2832.00000000001",0,17,0,43,370,"M",38,"LREM","1 - Novices","Master"
"271","Parigi","-0.886681434341368",0,0,0,"-0.669178538301395","-1.57764217736084",33,0,20,8,"0.00",4,30,0,4,86,"M",57,"LR","1 - LocalRoots","NoInfo"
"272","Portarrieu","-0.66408821840219",0,0,0,"-0.599368414304622","-0.650745739702725",0,0,14,1,"1751.00000000001",3,8,0,7,109,"M",52,"LREM","1 - 2ndCareer","Master"
"273","Ratenon","-0.346479464337618",0,0,0,"0.273020182888444","0.553042543372932",278,1,33,1,"3443.00",8,2,0,191,332,"M",50,"LFI","6 - PolExp","NoInfo"
"274","Bridey","0.769426349597021",1,10,1,"5.30675875282818","1.07414881044816",153,2,0,0,"2949.00000000001",29,46,0,338,396,"M",64,"LREM","5 - Incumbent","NoInfo"
"275","Ferrara","0.132492628119974",0,0,0,"-0.216221275992944","0.012326297824815",41,1,11,1,"873.999999999996",7,1,0,21,83,"M",50,"LR","6 - PolExp","AboveMaster"
"276","Gaultier","-0.886681434341368",0,0,0,"-0.907417517569429","-0.541386722993393",42,0,46,1,"884.000000000001",2,13,0,22,85,"M",54,"LR","5 - Incumbent","AboveMaster"
"277","Lassalle","-0.3659625273557",1,1,0,"-0.623082729576694","-1.87227290803909",42,0,24,4,"42699.9999999984",37,328,0,124,73,"M",62,"NI","5 - Incumbent","BA_or_less"
"278","Bourlanges","1.3006084545613",6,11,4,"0.391025062366727","0.68119342450572",22,0,0,3,"0.00",27,22,0,91,95,"M",71,"MODEM","4 - Entourage","AboveMaster"
"279","Bricout","0.198435689158023",0,0,0,"0.125974162199696","0.779403668065136",48,0,38,0,"1590.00000000001",7,3,0,252,307,"M",60,"NG","5 - Incumbent","BA_or_less"
"280","Masson","0.132492628119974",0,0,0,"-0.131034487758094","0.263006144000429",248,0,58,2,"0.00",7,6,0,110,263,"M",63,"LR","1 - LocalRoots","Master"
"281","Touraine","0.769426349597021",0,2,2,"-0.515914932434917","-0.319619581380489",2,0,16,19,"0.00",53,53,0,8,51,"M",72,"LREM","5 - Incumbent","AboveMaster"
"282","Fugit","2.20294091759623",0,0,0,"-0.274324734265645","0.0534840150334949",9,0,12,6,"2480.99999999999",2,100,0,31,369,"M",48,"LREM","6 - PolExp","AboveMaster"
"283","Lagleize","-1.0925111018315",0,0,0,"-0.0573455875516219","-1.00670114538209",96,0,64,14,"2597.00000000001",2,2,0,33,110,"M",59,"MODEM","1 - LocalRoots","AboveMaster"
"284","Mélenchon","3.18761107190609",11,11,0,"-0.215203495937268","-0.51700541641463",86,0,44,2,"1949999.99999998",846,875,0,685,280,"M",66,"LFI","5 - Incumbent","BA_or_less"
"285","Reitzer","-1.90585549680271",0,0,0,"-0.570911753684818","-1.00738660180431",0,1,23,1,"827.00",6,12,0,23,40,"M",66,"LR","5 - Incumbent","AboveMaster"
"286","Warsmann","-1.71489342309075",0,0,0,"-0.581797288775018","1.18465642973584",106,3,35,7,"2860.00",26,11,0,56,39,"M",52,"LC","5 - Incumbent","AboveMaster"
"287","Zulesi","0.769426349597021",0,0,2,"-0.0230299952624418","1.97451260979821",27,1,36,3,"4036.99999999999",10,7,0,48,316,"M",29,"LREM","6 - PolExp","AboveMaster"
"288","Fiévet","-0.66408821840219",0,0,0,"-0.529027224527946","0.169633336731977",1,0,35,2,"2058.00",2,117,0,6,284,"M",53,"LREM","1 - Novices","NoInfo"
"289","Sermier","0.132492628119974",0,0,1,"0.154354526386878","0.457911087615539",44,0,39,1,"1183.00",2,186,0,129,82,"M",56,"LR","5 - Incumbent","BA_or_less"
"290","Clément","-2.0976027864014",1,0,3,"-0.714809262845585","-1.29979216659439",68,1,25,25,"3193.00000000001",60,225,0,18,61,"M",63,"LREM","5 - Incumbent","Master"
"291","Fauvergue","-0.66408821840219",13,9,3,"-0.700030154615522","-1.09943340882583",0,1,1,12,"0.00",29,41,0,10,317,"M",60,"LREM","1 - Novices","AboveMaster"
"292","Jacques","-0.66408821840219",0,0,0,"0.0770343007586198","0.798861492360625",2,0,24,0,"2707.00000000001",6,182,0,17,254,"M",49,"LREM","6 - PolExp","BA_or_less"
"293","Mis","-0.66408821840219",0,0,0,"-0.773925695765837","0.263006144000429",2,0,25,2,"2566.00",7,52,0,16,318,"M",50,"LREM","4 - Entourage","NoInfo"
"294","Barrot","-1.0925111018315",1,0,5,"-0.19669649887321","-0.137225271822745",83,2,4,25,"2745.00000000001",34,28,0,104,189,"M",34,"MODEM","6 - PolExp","Master"
"295","Dufrègne","-0.0520881780692474",0,0,0,"-0.162124642329685","0.255615702414918",104,0,22,0,"1375.00",19,3,0,250,377,"M",59,"GDR","1 - LocalRoots","BA_or_less"
"296","Lecoq","0.729234492969466",0,0,0,"0.823464616685579","0.0625359845004522",7,2,5,6,"0.00",38,147,0,519,331,"M",59,"GDR","5 - Incumbent","BA_or_less"
"297","Mattei","-1.0925111018315",0,0,0,"-0.0123132639744064","0.255615702414918",126,3,4,14,"420.999999999999",9,95,0,148,247,"M",63,"MODEM","1 - LocalRoots","Master"
"298","Ardouin","-0.66408821840219",0,0,0,"-0.529027224527946","-0.774208896710995",1,0,22,5,"0.00",0,74,0,24,146,"M",53,"LREM","1 - 2ndCareer","Master"
"299","Nilor","-1.61473352014667",0,0,0,"-0.742733778090384","-2.34052134396736",79,0,2,0,"0.00",4,2,0,77,45,"M",52,"GDR","5 - Incumbent","Master"
"300","Cubertafon","1.3006084545613",0,0,0,"-0.128244602967475","0.641554453453463",30,0,28,1,"0.00",2,144,0,45,163,"M",69,"MODEM","1 - LocalRoots","NoInfo"
"301","Door","1.15166669058132",0,0,2,"0.0462013372329776","-1.37600004818726",135,0,4,5,"4714.99999999999",29,30,0,114,99,"M",75,"LR","5 - Incumbent","AboveMaster"
"302","Pont","-0.66408821840219",0,0,0,"-0.648303275810301","1.86587620614896",0,1,17,2,"2686.00",2,48,0,20,199,"M",67,"LREM","5 - Incumbent","AboveMaster"
"303","Vigier","0.132492628119974",0,0,0,"-0.190934522782623","0.550246433093166",88,0,32,1,"1168.00",2,64,0,83,106,"M",48,"LR","5 - Incumbent","AboveMaster"
"304","Cazeneuve","0.769426349597021",0,0,0,"-0.0756950009708702","0.484772937386888",12,3,3,25,"3382.00",20,1,0,129,304,"M",59,"LREM","6 - PolExp","AboveMaster"
"305","Terlier","-0.66408821840219",0,0,1,"-0.515291301739734","1.78573270304154",17,1,9,1,"3623.00",5,2,0,66,430,"M",40,"LREM","6 - PolExp","NoInfo"
"306","Bony","0.132492628119974",0,0,0,"-0.274324734265645","-0.148729521257527",77,0,28,0,"0.00",1,1,0,45,269,"M",62,"LR","5 - Incumbent","NoInfo"
"307","Dubié","-0.3659625273557",0,0,0,"0.0264779593498936","0.139676273752891",135,0,29,1,"0.00",2,7,0,91,226,"F",59,"NI","5 - Incumbent","BA_or_less"
"308","Temmerman (De)","-0.66408821840219",0,0,0,"-0.481273342856518","-1.05869043456713",45,1,18,17,"766.000000000003",0,21,0,14,197,"F",40,"LREM","1 - Novices","Master"
"309","Lambert","-2.10341830507504",0,0,0,"-0.314801808106582","-0.249524769838438",0,0,24,2,"869.00",7,347,0,0,62,"M",60,"NG","5 - Incumbent","Master"
"310","Nury","1.15166669058132",0,0,0,"-0.267018487114288","-0.879922795273593",155,0,22,3,"1271.00",0,77,0,95,175,"M",45,"LR","4 - Entourage","Master"
"311","Pahun","0.502901935763704",0,0,0,"-0.104331234351713","1.31731861685238",34,1,13,3,"1992.99999999999",10,195,0,61,251,"M",55,"MODEM","1 - 2ndCareer","BA_or_less"
"312","Son-Forget","-0.66408821840219",0,1,1,"-0.30057347779668","-0.695325847465424",6,1,5,4,"4929.00000000002",22,7,0,14,102,"M",34,"LREM","1 - Novices","AboveMaster"
"313","Pueyo","1.34936268627456",2,0,8,"0.428940992860497","1.27078260908211",16,2,10,9,"747.000000000002",6,100,0,119,189,"M",67,"NG","5 - Incumbent","NoInfo"
"314","Aviragnet","-0.377027809400244",0,0,0,"-0.0425538632409005","-1.0544929495939",179,0,21,3,"1772.99999999999",32,25,0,144,137,"M",61,"NG","5 - Incumbent","BA_or_less"
"315","Giraud","-0.66408821840219",0,0,0,"5.3348005480909","1.40140187727477",470,20,33,11,"1800.99999999999",79,41,0,907,140,"M",58,"LREM","5 - Incumbent","Master"
"316","Evrard","-0.3659625273557",1,0,0,"-0.650213786315022","-1.30251729563525",5,0,36,1,"0.00",27,28,0,15,116,"M",72,"NI","4 - Entourage","BA_or_less"
"317","Manin","0.198435689158023",0,0,0,"-0.658746007447476","-0.984481332013923",23,0,13,2,"0.00",1,0,0,44,180,"F",67,"NG","1 - LocalRoots","NoInfo"
"318","Corneloup","0.132492628119974",0,0,0,"-0.377851287253329","0.0478171027262148",104,0,32,0,"0.00",2,20,0,26,89,"F",58,"LR","1 - LocalRoots","AboveMaster"
"319","Poueyto","0.502901935763704",0,0,0,"-0.519252038636227","-0.184307500809138",36,0,1,1,"1984.00",3,63,0,28,224,"F",63,"MODEM","1 - LocalRoots","NoInfo"
"320","Aubert","1.15166669058132",15,4,3,"0.379501110185552","-0.595539741766686",238,3,38,40,"6255.00000000002",88,66,0,324,139,"M",39,"LR","5 - Incumbent","AboveMaster"
"321","Borowczyk","-0.66408821840219",0,0,2,"0.687211118433209","0.82862005645296",10,0,33,0,"1144.00",8,102,0,42,359,"M",38,"LREM","6 - PolExp","AboveMaster"
"322","Dive","0.132492628119974",3,0,4,"0.0366457122523317","0.430120155847552",182,1,53,26,"4336.00000000002",24,11,0,121,180,"M",32,"LR","5 - Incumbent","Master"
"323","Benin","0.502901935763704",0,0,0,"-0.200340886305573","-0.641126679973854",68,0,9,0,"0.00",3,2,0,29,137,"F",42,"MODEM","1 - 2ndCareer","Master"
"324","Avia","0.769426349597021",12,9,2,"-0.441395760589419","-0.177783123090418",7,1,1,22,"18500.00",33,19,0,42,300,"F",32,"LREM","1 - Novices","AboveMaster"
"325","Romeiro Dias","-0.66408821840219",0,0,0,"-0.555361688201085","-0.319619581380489",17,0,6,2,"2438.00",0,2,0,9,234,"F",36,"LREM","1 - Novices","NoInfo"
"326","Saint-Paul","0.769426349597021",0,0,0,"1.05111790164401","0.151696200025849",11,2,36,7,"987.000000000002",3,7,0,58,189,"F",36,"LREM","1 - Novices","AboveMaster"
"327","La Raudière (de)","-0.142907785257563",2,2,5,"0.00772531231265371","-0.710884995128929",150,1,30,41,"20299.9999999999",28,22,0,97,126,"F",52,"LC","5 - Incumbent","AboveMaster"
"328","Dumont","0.773899187716289",0,0,0,"-0.357486799036288","-1.09654681732971",4,2,7,1,"1237.00",17,28,0,115,161,"F",59,"NG","5 - Incumbent","Master"
"329","Gayte","0.769426349597021",0,0,0,"-0.385943459656092","0.240856415551247",2,1,8,2,"648.999999999998",2,12,0,17,270,"F",52,"LREM","6 - PolExp","Master"
"330","Maillart-Méhaignerie","-0.66408821840219",0,0,0,"1.80994339511386","0.660124623906562",57,1,9,14,"4605.00",6,21,0,45,227,"F",50,"LREM","6 - PolExp","Master"
"331","Trastour-Isnart","0.132492628119974",0,0,0,"-0.186895718317788","0.602227693726673",138,0,28,0,"760.000000000003",3,0,0,38,248,"F",45,"LR","1 - LocalRoots","Master"
"332","Vanceunebrock-Mialon","-0.66408821840219",0,0,0,"-0.533010495004236","-0.300389673475794",12,1,35,0,"0.00",4,0,0,10,128,"F",47,"LREM","1 - Novices","AboveMaster"
"333","Vichnievsky","-0.294804583033896",2,0,2,"-0.0275807301476529","0.0626473862318619",53,1,2,1,"2441.00",9,8,0,90,137,"F",62,"MODEM","6 - PolExp","Master"
"334","Furst","0.132492628119974",0,0,0,"-0.147794974750913","-0.695555377257414",34,0,34,1,"0.00",3,3,0,183,141,"M",52,"LR","5 - Incumbent","AboveMaster"
"335","Garcia","-0.294804583033896",0,0,1,"-0.451519749012514","-0.209065766227996",10,1,56,7,"1182.00",3,94,0,17,116,"M",47,"MODEM","1 - LocalRoots","AboveMaster"
"336","Pietraszewski","0.769426349597021",0,0,1,"1.1309871208026","0.782690470939622",30,3,0,23,"2351.99999999999",18,48,0,334,334,"M",51,"LREM","1 - Novices","Master"
"337","Saint-Martin","2.20294091759623",9,6,12,"0.344929253642026","1.49961212083419",79,3,5,81,"6113.00",36,33,0,140,226,"M",32,"LREM","6 - PolExp","AboveMaster"
"338","Rossi","0.769426349597021",3,1,3,"-0.303888821207198","-0.300389673475794",32,1,22,5,"8873.00000000005",32,25,1,102,271,"F",33,"LREM","6 - PolExp","AboveMaster"
"339","Adam","0.769426349597021",0,0,0,"-0.969585395099917","-2.42453881133064",28,0,0,0,"1616.00000000001",23,9,0,2,52,"M",25,"LREM","6 - PolExp","AboveMaster"
"340","Tanguy","-0.66408821840219",0,0,0,"0.112048101190478","1.5782596484322",2,1,9,1,"1715.00",1,5,0,13,328,"F",50,"LREM","6 - PolExp","NoInfo"
"341","Causse","-0.66408821840219",1,0,3,"-0.392581082031858","0.508464471688295",63,0,36,4,"1158.00",4,180,0,26,308,"M",46,"LREM","1 - 2ndCareer","NoInfo"
"342","Magnier","-0.666902997868626",0,0,0,"-0.432937518587303","-0.759223481032379",203,0,33,4,"1447.00",5,0,0,122,333,"F",33,"LC","4 - Entourage","Master"
"343","Dombreval","-0.66408821840219",0,0,0,"-0.259542690794868","-0.603709977912328",49,0,22,4,"3305.00",8,6,0,16,182,"M",51,"LREM","6 - PolExp","AboveMaster"
"344","Kervran","-2.0976027864014",0,0,0,"-0.304197949018413","0.40559389509272",7,0,34,11,"1314.00000000001",2,0,0,13,137,"M",33,"LREM","1 - Novices","AboveMaster"
"345","Prud'homme","-0.346479464337618",1,1,1,"3.35466693781002","2.22727953016198",278,1,44,2,"10200.00",16,88,0,376,391,"M",48,"LFI","6 - PolExp","NoInfo"
"346","Aliot","-0.3659625273557",18,15,4,"-0.441050551502477","-0.892189175891367",35,0,28,2,"56300.000000001",89,151,0,48,121,"M",48,"NI","4 - Entourage","AboveMaster"
"347","Carvounas","0.198435689158023",12,19,12,"-0.636554269336853","-1.48209057179322",23,0,47,9,"11800.00",206,304,0,70,95,"M",46,"NG","1 - LocalRoots","Master"
"348","Mendes","0.769426349597021",0,0,3,"0.240103073979596","0.107116092263151",4,1,0,28,"3364.99999999999",6,1,0,66,161,"M",30,"LREM","6 - PolExp","BA_or_less"
"349","Pajot","-0.3659625273557",0,1,1,"-0.444318234179576","-0.856476898276106",81,0,35,5,"5578.00000000001",24,66,0,136,280,"M",24,"NI","6 - PolExp","NoInfo"
"350","El Guerrab","0.769426349597021",0,0,0,"0.0856403295655831","-0.824696976738656",311,0,55,3,"0.00",35,86,0,108,182,"M",34,"LREM","4 - Entourage","AboveMaster"
"351","Sage","-0.666902997868626",0,0,0,"1.02912550830186","0.182862640893002",56,1,9,12,"1571.00",3,4,0,98,170,"F",42,"LC","5 - Incumbent","NoInfo"
"352","Kamardine","0.132492628119974",0,0,0,"-0.751757033420743","-1.78065318523895",42,0,18,0,"0.00",29,11,0,65,99,"M",58,"LR","5 - Incumbent","Master"
"353","Valls","-2.0976027864014",17,16,1,"-0.729588371075648","-1.42000742125553",0,1,6,2,"1050000.00",386,422,0,32,46,"M",55,"LREM","5 - Incumbent","BA_or_less"
"354","Delatte","-0.66408821840219",0,0,0,"-0.259511019954825","1.47163425363969",0,0,22,3,"1737.99999999999",4,1,0,15,352,"M",56,"LREM","6 - PolExp","AboveMaster"
"355","Fesneau","1.3006084545613",6,12,12,"1.53353699862472","-0.223634260535928",63,1,2,7,"7731.99999999995",75,150,1,404,361,"M",46,"MODEM","4 - Entourage","AboveMaster"
"356","Le Fur","0.132492628119974",0,0,0,"-0.0929809292426331","-0.169962019675884",721,2,30,24,"11400.00",30,380,1,1471,141,"M",61,"LR","5 - Incumbent","AboveMaster"
"357","Deprez-Audebert","0.502901935763704",0,0,0,"-0.440540886752356","0.894974106245378",12,0,14,0,"1988.00",3,9,0,20,176,"F",65,"MODEM","6 - PolExp","AboveMaster"
"358","Dubois","1.15166669058132",0,0,1,"-0.265097205451538","-0.223634260535928",10,1,18,6,"7636.99999999999",2,3,0,23,93,"F",60,"LR","5 - Incumbent","Master"
"359","Magne","0.769426349597021",0,0,0,"-0.640368657848457","-0.2681722632353",1,2,21,12,"2358.00000000001",0,0,0,13,138,"F",30,"LREM","1 - 2ndCareer","Master"
"360","Dalloz","0.132492628119974",0,0,2,"0.114450210018521","-0.235435515382161",202,2,41,18,"0.00",4,20,0,208,179,"F",59,"LR","5 - Incumbent","NoInfo"
"361","Verdier-Jouclas","0.769426349597021",0,0,0,"-0.513605183855529","0.124668711002364",32,2,9,19,"3742.99999999999",3,3,0,87,501,"F",52,"LREM","1 - Novices","NoInfo"
"362","Buffet","-2.39605619118539",0,3,4,"0.729669924066765","-0.596773549120959",68,0,30,13,"0.00",27,8,0,101,99,"F",68,"GDR","5 - Incumbent","BA_or_less"
"363","Guévenoux","0.769426349597021",0,0,2,"-0.54484951819986","-0.137711371536705",21,0,5,13,"3762.00000000001",31,15,0,108,320,"F",41,"LREM","4 - Entourage","Master"
"364","Lebec","0.769426349597021",10,3,8,"-0.541762286541229","0.725936306100714",0,1,1,23,"8984.00000000001",5,10,0,20,345,"F",27,"LREM","4 - Entourage","AboveMaster"
"365","Battistel","-0.95249130795851",0,0,0,"-0.144106787370656","1.3598280566432",55,1,25,11,"0.00",2,1,0,144,327,"F",61,"NG","5 - Incumbent","NoInfo"
"366","Rixain","0.769426349597021",1,0,3,"1.89013697130255","0.56634979955793",46,4,8,1,"6085.00000000002",3,6,0,43,170,"F",40,"LREM","6 - PolExp","AboveMaster"
"367","Tamarelle-Verhaeghe","0.769426349597021",0,0,0,"-0.486329865610291","-0.0440420683004611",12,0,15,3,"1004.00",4,16,0,13,152,"F",55,"LREM","6 - PolExp","AboveMaster"
"368","Sarnez (de)","0.502901935763704",1,1,0,"5.02082205810667","2.55902201921157",4,1,44,6,"18200.00",69,97,0,54,104,"F",66,"MODEM","4 - Entourage","BA_or_less"
"369","Karamanli","-0.377027809400244",1,0,3,"0.423182070869271","0.0225756346781485",453,0,46,6,"2804.00000000001",8,14,0,187,159,"F",53,"NG","5 - Incumbent","AboveMaster"
"370","Brenier","-0.666902997868626",0,0,0,"-0.545499999259543","-1.69750714678063",138,0,11,1,"10300.00",16,2,0,25,43,"F",31,"LC","5 - Incumbent","Master"
"371","Le Pen","-0.3659625273557",24,28,2,"-0.272116817176876","-0.82906617075352",131,0,16,98,"2130000.00000007",607,701,0,216,136,"F",49,"NI","5 - Incumbent","Master"
"372","Lenne","-0.66408821840219",0,0,0,"-0.343258468726386","0.0179558767377536",4,1,10,1,"1952.00",0,0,0,9,458,"F",43,"LREM","6 - PolExp","AboveMaster"
"373","Meynier-Millefert","-0.66408821840219",0,0,0,"-0.436927212444188","-1.21035058678539",25,0,3,8,"2184.99999999999",0,0,0,11,218,"F",35,"LREM","6 - PolExp","Master"
"374","Saddier","-0.886681434341368",0,0,0,"0.368694156713139","-0.35094305754855",339,0,79,0,"3189.00",5,10,0,130,96,"M",48,"LR","5 - Incumbent","BA_or_less"
"375","Leguille-Balloy","-0.66408821840219",0,0,0,"-0.30057347779668","-0.427845200889232",20,0,1,3,"1314.00000000001",1,21,0,33,203,"F",60,"LREM","6 - PolExp","AboveMaster"
"376","Wonner","-0.66408821840219",0,0,0,"-0.229925953130199","0.415253786832918",56,0,16,7,"3685.00000000001",15,4,0,80,388,"F",53,"LREM","1 - Novices","AboveMaster"
"377","Panot","0.242535625036333",6,2,3,"0.265219852417703","-0.907030282348861",210,0,28,1,"15200.00",22,16,0,275,300,"F",28,"LFI","6 - PolExp","AboveMaster"
"378","Orphelin","0.769426349597021",4,5,2,"0.435213352331634","1.36787200092514",145,0,27,31,"19000.00",121,198,0,108,312,"M",45,"LREM","1 - 2ndCareer","AboveMaster"
"379","Petit","1.3006084545613",0,0,0,"-0.223570864734057","0.510962973430364",11,0,8,1,"2063.99999999999",2,5,0,33,290,"F",46,"MODEM","6 - PolExp","NoInfo"
"380","Leroy","-0.142907785257563",2,0,1,"-0.0871485231481498","-0.338684985363835",10,2,65,0,"8488.99999999997",15,197,1,14,35,"M",58,"LC","5 - Incumbent","Master"
"381","Mathiasin","-1.0925111018315",0,0,0,"-0.512841886601551","-1.34477674567142",57,0,21,4,"773.000000000002",3,3,0,24,93,"M",61,"MODEM","1 - LocalRoots","NoInfo"
"382","Minot","0.132492628119974",0,0,0,"-0.36862924563853","-0.0982921139728639",35,1,18,3,"2160.00000000001",9,17,0,57,413,"M",30,"LR","4 - Entourage","NoInfo"
"383","Habib","0.905082639964564",2,0,0,"-0.115605183767954","-1.05196670956701",25,0,8,1,"9389.00000000001",14,4,0,130,82,"M",56,"LC","5 - Incumbent","BA_or_less"
"384","Castellani","-0.3659625273557",0,1,0,"0.344929253642026","-0.104488523969607",456,0,24,2,"5322.99999999998",17,5,0,302,190,"M",72,"NI","1 - LocalRoots","AboveMaster"
"385","Delpon","0.769426349597021",0,0,0,"-0.563452586495987","0.176563455630556",30,0,10,0,"1023.00",2,119,0,20,177,"M",68,"LREM","6 - PolExp","NoInfo"
"386","Fanget","0.502901935763704",0,0,0,"-0.0729201928382478","0.240856415551247",0,2,4,1,"609.000000000002",6,5,0,14,45,"M",67,"MODEM","5 - Incumbent","AboveMaster"
"387","Herbillon","0.132492628119974",0,0,0,"0.282788064909302","-0.204944662075739",7,0,9,3,"0.00",5,21,0,21,57,"M",66,"LR","5 - Incumbent","AboveMaster"
"388","Larive","-0.346479464337618",0,0,1,"1.82796909377206","-0.15367894010043",166,1,31,18,"7538.99999999998",11,11,0,124,231,"M",51,"LFI","1 - 2ndCareer","NoInfo"
"389","Lauzzana","-0.66408821840219",0,0,0,"-0.334983925047313","0.877613911624552",1,2,13,4,"2294.00000000001",2,94,0,9,199,"M",60,"LREM","1 - LocalRoots","AboveMaster"
"390","Vialay","-0.886681434341368",0,0,0,"-0.533010495004236","-1.86754457973122",14,1,4,4,"982.999999999996",1,38,0,20,89,"M",57,"LR","1 - LocalRoots","BA_or_less"
"391","Zumkeller","-1.71489342309075",0,0,0,"-0.367500219439103","-1.29979216659439",41,2,47,2,"2703.00000000002",8,64,0,102,67,"M",51,"LC","5 - Incumbent","BA_or_less"
"392","Crouzet","0.769426349597021",0,0,0,"-0.0211950876270243","2.28953595743886",0,0,9,2,"2421.00000000001",1,1,0,8,314,"F",50,"LREM","6 - PolExp","NoInfo"
"393","Vaucouleurs (de)","1.3006084545613",0,0,0,"0.332190316537696","0.415253786832918",97,0,13,5,"1501.99999999999",1,1,0,85,337,"F",53,"MODEM","1 - 2ndCareer","NoInfo"
"394","Peyron","0.769426349597021",0,0,0,"-0.77231884491501","0.231535444779567",3,0,10,1,"2470.00",4,6,0,15,490,"F",56,"LREM","6 - PolExp","BA_or_less"
"395","Tabarot","-1.90585549680271",0,0,0,"-0.58514008399472","-1.63150811048209",3,1,38,12,"4683.99999999999",14,4,0,2,26,"F",55,"LR","5 - Incumbent","NoInfo"
"396","Nogal","0.769426349597021",3,1,1,"0.0438758122372512","0.261082355702888",55,0,1,1,"5812.99999999999",6,8,0,80,354,"M",27,"LREM","6 - PolExp","AboveMaster"
"397","Clapot","-0.66408821840219",0,0,0,"-0.15829017469766","0.419176846602041",2,1,7,25,"3260.00",5,1,0,16,379,"F",54,"LREM","6 - PolExp","Master"
"398","Robert","-0.66408821840219",0,0,0,"-0.565223377142627","0.874549641966298",4,0,10,4,"3251.99999999999",1,33,0,17,333,"F",55,"LREM","6 - PolExp","NoInfo"
"399","Brotherson","-0.0520881780692474",0,0,0,"-0.37171512934619","-0.873646278516218",11,0,0,3,"289.999999999999",12,7,0,47,93,"M",48,"GDR","6 - PolExp","Master"
"400","Laqhila","0.502901935763704",0,0,0,"0.0164966164785317","0.517509685240027",146,2,6,25,"1964.00",3,1,0,67,196,"M",58,"MODEM","1 - Novices","Master"
"401","Michel","-0.66408821840219",0,0,0,"-0.215203495937268","1.44451932514411",1,1,4,14,"1638.00",2,2,0,6,289,"F",62,"LREM","1 - Novices","Master"
"402","Iborra","-0.66408821840219",1,0,2,"-0.210202575247115","-0.595197094460516",12,1,4,26,"5599.99999999999",7,6,0,25,109,"F",72,"LREM","5 - Incumbent","BA_or_less"
"403","Limon","-0.66408821840219",0,0,0,"-0.201947587250012","1.06401190639004",72,0,2,0,"4089.00000000001",0,1,0,33,332,"F",64,"LREM","1 - 2ndCareer","AboveMaster"
"404","Ressiguier","-2.11352473245947",0,0,0,"-0.623082729576694","-2.06869339515792",162,0,20,0,"4798.00000000002",3,11,0,53,231,"F",40,"LFI","6 - PolExp","BA_or_less"
"405","Laabid","-0.66408821840219",0,0,0,"-0.792042222798094","0.00188751721287685",16,0,3,11,"3014.00000000001",4,38,0,6,242,"M",48,"LREM","1 - Novices","Master"
"406","Essayan","0.502901935763704",0,0,0,"-0.451519749012514","0.0678683644098346",5,0,5,0,"1364.00",4,6,0,72,185,"F",60,"MODEM","1 - LocalRoots","Master"
"407","Hai","0.769426349597021",0,0,0,"-0.392603685953189","-0.00627828041019079",20,7,0,18,"4073.00",2,10,0,66,338,"F",37,"LREM","1 - Novices","BA_or_less"
"408","Ramassamy","0.132492628119974",0,0,0,"-0.752595467031926","-1.92715507434732",68,0,8,1,"0.00",1,0,0,26,43,"F",56,"LR","1 - LocalRoots","NoInfo"
"409","Moutchou","-0.66408821840219",1,1,5,"-0.0128016219175898","1.3850151875044",50,2,6,19,"5858.00000000001",14,5,0,111,274,"F",37,"LREM","1 - Novices","Master"
"410","Pouzyreff","0.769426349597021",0,0,0,"0.262762832701277","1.23145584935532",10,1,3,10,"4080.00000000002",1,6,0,38,331,"F",56,"LREM","1 - Novices","Master"
"411","Bassire","0.132492628119974",0,0,0,"-0.503446408062683","-1.71588442751295",23,2,12,2,"488.999999999999",1,0,0,45,180,"F",49,"LR","1 - 2ndCareer","Master"
"412","Elimas","0.502901935763704",0,0,3,"0.588594229017788","-0.595197094460516",218,2,23,10,"2302.99999999999",11,7,0,124,288,"F",44,"MODEM","6 - PolExp","Master"
"413","Sarles","-0.66408821840219",0,0,0,"-0.333452908148751","0.609571239833806",9,1,22,1,"0.00",1,21,0,8,228,"F",55,"LREM","6 - PolExp","BA_or_less"
"414","Démoulin","-0.66408821840219",0,0,0,"-0.209177687234932","0.261082355702888",83,1,17,0,"3575.00000000002",2,79,0,46,432,"M",45,"LREM","1 - Novices","BA_or_less"
"415","Dupont-Aignan","-0.3659625273557",25,35,7,"-0.257888486866974","-0.918226386278917",23,0,57,20,"186999.999999998",148,202,0,105,52,"M",56,"NI","5 - Incumbent","AboveMaster"
"416","Forissier","-0.886681434341368",2,0,0,"-0.553939016489643","-1.41395843809515",175,2,26,21,"1504.00000000001",6,141,0,51,88,"M",56,"LR","5 - Incumbent","AboveMaster"
"417","Turquois","0.502901935763704",0,0,0,"0.188477811935641","-0.922182245309759",27,0,0,9,"1451.00",3,185,0,105,165,"M",45,"MODEM","1 - 2ndCareer","AboveMaster"
"418","Dubre-Chirat","-0.66408821840219",0,0,0,"-0.803483912225964","0.263006144000429",2,0,12,1,"2418.99999999999",2,13,0,14,440,"F",66,"LREM","1 - Novices","BA_or_less"
"419","Le Peih","0.769426349597021",0,0,0,"-0.15829017469766","2.46986180368618",2,0,8,0,"3283.00000000001",1,36,0,10,310,"F",58,"LREM","1 - LocalRoots","BA_or_less"
"420","Sanquer","-0.666902997868626",0,0,0,"-0.792042222798094","-2.20273258742734",4,0,8,1,"0.00",1,0,0,27,120,"F",45,"LC","6 - PolExp","Master"
"421","Trisse","0.769426349597021",0,0,0,"-0.0989190452923186","0.680881213180254",0,4,14,5,"739.000000000003",2,8,0,16,276,"F",54,"LREM","1 - Novices","NoInfo"
"422","Givernet","0.769426349597021",1,0,0,"-0.272116817176876","-0.026624231024945",2,2,13,3,"1894.00000000001",0,15,0,7,252,"F",36,"LREM","1 - 2ndCareer","Master"
"423","Gregoire","0.769426349597021",13,3,7,"-0.571224944761406","-0.890170472444933",4,2,1,76,"11700.00",34,21,0,51,171,"F",39,"LREM","6 - PolExp","AboveMaster"
"424","Becht","0.381087427353501",0,0,0,"-0.16734534653435","-0.538248338350252",31,1,41,4,"56.00",5,2,0,163,138,"M",41,"LC","4 - Entourage","AboveMaster"
"425","Damaisin","0.769426349597021",0,0,0,"-0.617320753486106","-0.2681722632353",0,2,5,8,"1600.99999999999",4,125,0,12,360,"M",51,"LREM","1 - LocalRoots","NoInfo"
"426","Dassault","0.132492628119974",0,1,0,"-0.627825074924426","-1.67608821824479",1,0,61,3,"4712.00",11,32,0,4,26,"M",66,"LR","5 - Incumbent","AboveMaster"
"427","Falorni","2.5617376914899",1,1,1,"-0.333452908148751","-0.603709977912328",115,0,55,9,"5350.99999999998",38,165,0,31,63,"M",45,"NI","5 - Incumbent","Master"
"428","Faure","0.773899187716289",24,27,8,"-0.636554269336853","-1.52141733152001",22,0,6,29,"31300.0000000006",366,449,0,173,156,"M",49,"NG","5 - Incumbent","Master"
"429","Gaillard","0.769426349597021",0,0,0,"-0.248554283688499","0.91035065947769",105,3,48,3,"2768.99999999999",2,245,0,33,123,"M",50,"LREM","1 - LocalRoots","NoInfo"
"430","Marleix","-0.886681434341368",0,0,3,"3.17948575577603","1.0644411750747",47,2,6,11,"3166.00",33,27,0,78,116,"M",46,"LR","5 - Incumbent","AboveMaster"
"431","Serva","-0.66408821840219",1,0,0,"-0.530891112127292","-1.25027469882946",53,3,7,20,"1927.00",8,7,0,42,64,"M",43,"LREM","6 - PolExp","Master"
"432","Véran","-0.66408821840219",7,9,5,"2.56093201732619","0.59897212888627",271,6,7,18,"10900.00",99,48,0,420,150,"M",37,"LREM","5 - Incumbent","AboveMaster"
"433","Rupin","-0.66408821840219",5,4,2,"-0.773925695765837","-0.859002899503546",3,0,2,18,"7091.00000000001",52,16,0,32,386,"M",32,"LREM","1 - 2ndCareer","AboveMaster"
"434","Bois","-0.66408821840219",0,0,0,"-0.700191259134468","-0.15367894010043",11,0,7,3,"2590.00",1,3,0,12,176,"M",58,"LREM","1 - LocalRoots","NoInfo"
"435","Boyer","0.769426349597021",0,0,0,"-0.414754147238023","-0.907030282348861",38,0,19,6,"145.000000000001",2,0,0,31,448,"F",52,"LREM","6 - PolExp","Master"
"436","Fontenel-Personne","0.769426349597021",0,0,0,"-0.751435186103895","-1.47155509577992",27,0,20,12,"2629.00",2,25,0,10,144,"F",55,"LREM","1 - Novices","NoInfo"
"437","Anato","-0.66408821840219",0,0,0,"-0.606833186405505","-0.626366095056597",3,2,19,8,"3171.99999999998",1,8,0,11,289,"M",41,"LREM","1 - Novices","Master"
"438","Perrot","-0.66408821840219",0,0,0,"-0.56257458194579","0.660124623906562",8,0,26,1,"0.00",5,2,0,3,297,"M",53,"LREM","1 - Novices","NoInfo"
"439","Verchère","0.132492628119974",0,0,1,"-0.470376109177633","-0.498921578623462",97,0,44,5,"2389.99999999999",3,91,0,79,204,"M",44,"LR","5 - Incumbent","Master"
"440","Gallerneau","-1.0925111018315",0,0,0,"-0.55970099258023","-0.988380716004349",20,0,10,0,"1702.00",2,21,0,24,192,"F",63,"MODEM","6 - PolExp","AboveMaster"
"441","Mirallès","-0.66408821840219",0,0,0,"-0.382399436152164","-0.3416145397163",21,0,15,0,"3638.00",2,14,0,19,242,"F",50,"LREM","6 - PolExp","BA_or_less"
"442","Hetzel","2.17084075304266",0,0,0,"0.28730949273615","-0.0390150282633294",464,3,46,2,"3362.00",17,1,0,399,150,"M",53,"LR","5 - Incumbent","AboveMaster"
"443","Mignola","-0.294804583033896",1,1,1,"-0.713148711265758","-1.65157756126729",10,3,23,3,"2495.00",41,20,0,121,172,"M",46,"MODEM","1 - LocalRoots","AboveMaster"
"444","Vignal","-0.66408821840219",0,0,0,"-0.638023381603979","-0.375226244610695",17,0,34,12,"6378.00000000003",15,195,0,3,50,"M",59,"LREM","5 - Incumbent","Master"
"445","Colombani","-0.3659625273557",0,0,0,"-0.0747671474101601","-1.26090397085815",281,0,19,0,"2386.00",16,3,0,58,78,"M",50,"NI","6 - PolExp","AboveMaster"
"446","Christophe","-0.666902997868626",0,0,1,"0.998249010246626","1.31756860660704",108,2,44,11,"2296.00",11,47,0,138,243,"M",46,"LC","1 - 2ndCareer","NoInfo"
"447","Molac","-0.66408821840219",0,0,1,"-0.0645285007228106","0.864082417306129",149,1,52,5,"4772.00000000002",21,191,0,68,166,"M",55,"LREM","5 - Incumbent","BA_or_less"
"448","Forteza","2.20294091759623",1,0,0,"-0.0719180548378421","-0.698715893288692",270,3,6,38,"7249.99999999998",19,6,0,152,130,"F",31,"LREM","6 - PolExp","Master"
"449","Goulet","0.769426349597021",0,0,0,"-0.179410570601447","0.157405458855502",16,2,24,47,"2864.00",2,2,0,47,255,"F",39,"LREM","1 - Novices","Master"
"450","Berta","-0.294804583033896",0,0,0,"0.356662658883835","0.510962973430364",45,2,40,12,"2674.00000000001",4,61,0,45,145,"M",57,"MODEM","6 - PolExp","AboveMaster"
"451","Bolo","-1.8902176206291",0,0,0,"-0.512841886601551","0.472379605883718",24,1,1,3,"2507.00",3,47,0,19,173,"M",50,"MODEM","1 - 2ndCareer","AboveMaster"
"452","Chalumeau","0.769426349597021",0,0,0,"-0.343298692585289","0.248286856185558",50,0,29,30,"3079.00",0,103,0,54,201,"M",54,"LREM","6 - PolExp","AboveMaster"
"453","Chassaing","-0.66408821840219",0,0,0,"-0.53665308821788","-0.595539741766686",3,2,4,7,"0.00",1,120,0,11,121,"M",45,"LREM","6 - PolExp","NoInfo"
"454","Dunoyer","-0.142907785257563",0,0,0,"-0.500512193509671","-1.58029442747039",45,0,8,1,"0.00",6,3,0,74,124,"M",49,"LC","4 - Entourage","Master"
"455","Folliot","-0.66408821840219",0,0,1,"-0.607228711661696","-1.56074409124681",7,0,38,6,"5005.00000000001",12,13,0,30,36,"M",54,"LREM","5 - Incumbent","AboveMaster"
"456","Gomès","-0.666902997868626",0,0,2,"-0.570911753684818","-1.4086075716686",20,1,15,0,"2623.99999999999",31,11,0,60,54,"M",59,"LC","5 - Incumbent","BA_or_less"
"457","Gosselin","1.15166669058132",2,4,2,"0.859165763656131","0.0626473862318619",210,1,27,6,"12500.00",65,189,0,222,159,"M",51,"LR","5 - Incumbent","AboveMaster"
"458","Huppé","-2.0976027864014",0,0,0,"-0.657443886299941","-1.34477674567142",7,0,28,3,"2358.00000000001",6,101,0,7,213,"M",49,"LREM","1 - 2ndCareer","AboveMaster"
"459","Latombe","-1.0925111018315",0,0,1,"-0.35272111120904","-0.418213632412699",40,0,21,5,"1574.99999999999",16,74,0,102,149,"M",42,"MODEM","6 - PolExp","Master"
"460","Michel-Kleisbauer","-1.8902176206291",4,0,0,"-0.16734534653435","0.36626713536593",0,1,5,11,"3298.00",2,1,0,19,229,"M",48,"MODEM","4 - Entourage","Master"
"461","Vigier","0.381087427353501",3,0,5,"2.01590231991244","1.13950789444966",188,6,17,18,"1100.00",45,35,0,355,213,"M",59,"LC","5 - Incumbent","AboveMaster"
"462","Raphan","-0.66408821840219",0,1,0,"-0.865972265882437","-0.209065766227996",5,0,2,8,"3729.00",3,7,0,16,304,"M",34,"LREM","1 - Novices","Master"
"463","Cabaré","0.769426349597021",0,0,0,"0.0978197708805763","1.31077900185601",26,1,1,9,"1852.00",3,2,0,23,302,"M",60,"LREM","6 - PolExp","BA_or_less"
"464","Cordier","0.132492628119974",0,0,0,"0.325473055839008","2.55902201921157",131,1,50,0,"2301.00",9,9,0,91,287,"M",45,"LR","1 - LocalRoots","NoInfo"
"465","Dharréville","0.729234492969466",0,0,7,"3.15263335381871","1.37977508261302",392,3,31,14,"2562.00",111,34,0,498,341,"M",42,"GDR","4 - Entourage","BA_or_less"
"466","Dumont","1.15166669058132",1,2,4,"0.240103073979596","0.508337062127438",95,1,23,2,"8293.00000000003",39,123,0,430,322,"M",30,"LR","4 - Entourage","AboveMaster"
"467","Henriet","-0.66408821840219",0,0,0,"-0.865972265882437","-0.0429052878452978",0,1,10,16,"2126.00000000001",4,96,0,10,259,"M",26,"LREM","4 - Entourage","AboveMaster"
"468","Morel-À-L'Huissier","0.905082639964564",0,0,2,"-0.478343531164576","-0.338070129305272",107,1,47,0,"3554.00",15,161,0,42,108,"M",59,"LC","5 - Incumbent","Master"
"469","Person","-0.66408821840219",9,3,4,"-0.634606681757869","-1.7085891687734",0,2,0,25,"17600.00",91,29,0,20,253,"M",28,"LREM","6 - PolExp","Master"
"470","Vatin","1.15166669058132",0,0,0,"-0.540401516739625","-0.957583666421617",73,0,27,2,"0.00",2,10,0,36,202,"M",50,"LR","4 - Entourage","BA_or_less"
"471","Bournazel","0.905082639964564",9,7,2,"0.0251006453878967","-0.264452592355562",61,1,32,35,"2200.00",51,39,0,111,206,"M",40,"LC","4 - Entourage","AboveMaster"
"472","Anglade","0.769426349597021",3,0,1,"-0.0989190452923186","0.759534732633835",5,3,10,3,"6652.00000000001",39,11,0,29,210,"M",31,"LREM","4 - Entourage","AboveMaster"
"473","Ali","0.769426349597021",0,0,0,"-0.948862769256421","-2.20299150682038",10,0,8,0,"0.00",11,14,0,9,181,"F",56,"LREM","6 - PolExp","AboveMaster"
"474","Gauvain","0.769426349597021",0,0,2,"0.726153789585563","0.263006144000429",106,4,6,28,"1734.00",14,84,0,268,220,"M",44,"LREM","1 - Novices","Master"
"475","Gérard","-0.66408821840219",0,0,0,"0.27377215550985","0.344802495047665",20,3,20,19,"1909.00000000001",3,90,0,38,368,"M",49,"LREM","1 - Novices","Master"
"476","Schellenberger","0.132492628119974",0,0,1,"0.268001434453608","0.503436653322709",123,0,27,4,"892.999999999996",7,3,0,314,195,"M",27,"LR","4 - Entourage","AboveMaster"
"477","Juanico","-1.52795480651678",2,0,2,"0.791837801597253","1.95102045274708",47,1,54,34,"1299.99999999999",74,144,0,108,104,"M",45,"NG","5 - Incumbent","AboveMaster"
"478","Delatte","-0.886681434341368",0,0,0,"-0.606833186405505","-0.457328294911933",15,1,21,0,"0.00",1,70,0,14,87,"M",61,"LR","5 - Incumbent","BA_or_less"
"479","Rebeyrotte","0.769426349597021",0,0,0,"-0.0940867171829367","1.02436942352098",122,0,37,5,"1165.00",8,190,0,144,460,"M",51,"LREM","1 - LocalRoots","Master"
"480","Ferrand","3.63645548559544",13,15,7,"1.54331218451644","-1.12814973425211",45,1,30,26,"54000.0000000019",395,657,1,435,166,"M",55,"LREM","5 - Incumbent","Master"
"481","Lioger","2.20294091759623",0,0,1,"2.42257870727577","-0.0347337945502736",309,2,0,2,"1904.00",10,15,0,308,397,"M",60,"LREM","6 - PolExp","AboveMaster"
"482","Ramos","0.502901935763704",1,1,4,"-0.0718057875214609","-0.753144445165095",44,0,4,2,"1375.00",7,29,0,100,228,"M",49,"MODEM","1 - 2ndCareer","NoInfo"
"483","Reda","1.15166669058132",5,1,5,"0.17932678507323","-0.177783123090418",110,1,11,9,"9809.00000000001",41,77,0,102,170,"M",26,"LR","4 - Entourage","Master"
"484","Kokouendo","-0.66408821840219",0,0,0,"-0.22943182624717","0.374596738839342",0,2,19,4,"2863.00000000001",8,17,0,7,217,"M",43,"LREM","1 - 2ndCareer","AboveMaster"
"485","Lescure","-0.66408821840219",0,0,0,"3.01544690603917","2.62761155772818",1,0,4,20,"7195.99999999997",22,14,0,88,253,"M",51,"LREM","1 - Novices","AboveMaster"
"486","Grau","-0.66408821840219",0,0,0,"-0.605796801304931","-0.300909011088438",0,2,57,14,"2664.99999999999",9,112,0,16,91,"M",43,"LREM","1 - 2ndCareer","AboveMaster"
"487","Rubin","0.242535625036333",0,0,0,"1.22701294431067","0.0124815382822684",184,0,21,26,"7402.00000000001",9,2,0,224,251,"F",57,"LFI","1 - Novices","NoInfo"
"488","Thillaye","0.769426349597021",0,0,0,"1.210955864198","1.66405020635002",14,1,13,0,"3597.99999999999",2,17,0,30,108,"F",58,"LREM","1 - Novices","BA_or_less"
"489","Houlié","-0.66408821840219",13,2,4,"-0.25665690771363","0.102719137785575",58,3,13,5,"20499.9999999999",94,199,0,467,348,"M",29,"LREM","1 - Novices","Master"
"490","Ahamada","-0.66408821840219",1,0,0,"-0.548177040399055","-0.366382506794716",5,2,7,31,"3117.99999999999",10,5,0,43,204,"M",45,"LREM","6 - PolExp","Master"
"491","Cazebonne","-0.66408821840219",0,0,0,"-0.37171512934619","-1.09654681732971",17,2,19,6,"3080.00000000001",6,3,0,11,104,"F",46,"LREM","1 - Novices","Master"
"492","Marsaud","-0.66408821840219",0,0,0,"0.176527591593043","-0.603709977912328",46,2,9,4,"4087.99999999999",3,45,0,32,385,"F",43,"LREM","6 - PolExp","Master"
"493","Josso","-0.66408821840219",0,0,0,"-0.348234951619528","0.710678007979317",0,0,13,2,"2562.00",2,11,0,6,118,"F",42,"LREM","6 - PolExp","NoInfo"
"494","Le Feur","0.769426349597021",0,0,1,"-0.170850429970208","0.609571239833806",52,0,14,0,"4324.00",9,34,0,18,224,"F",26,"LREM","1 - Novices","BA_or_less"
"495","Mörch","-0.66408821840219",0,0,0,"0.27377215550985","1.00944440857846",26,0,1,14,"2181.00000000001",1,3,0,39,285,"F",56,"LREM","1 - 2ndCareer","Master"
"496","El Haïry","0.502901935763704",0,0,1,"-0.0238372161555816","2.15434707789696",62,2,26,11,"4403.00",4,29,0,117,336,"F",28,"MODEM","6 - PolExp","BA_or_less"
"497","Cazenove","-0.66408821840219",0,0,0,"-0.67190408626978","-0.330549944803435",9,0,33,0,"2368.00000000001",1,75,0,10,179,"M",41,"LREM","1 - 2ndCareer","Master"
"498","Chenu","-0.3659625273557",33,12,8,"-0.742733778090384","-0.73298585100053",86,0,23,6,"10400.00",100,136,0,277,196,"M",44,"NI","4 - Entourage","Master"
"499","Huyghe","0.132492628119974",2,0,3,"-0.500512193509671","-0.578500638627552",88,0,27,0,"19800.0000000001",8,54,0,149,199,"M",48,"LR","5 - Incumbent","Master"
"500","Jumel","0.729234492969466",1,2,8,"1.59111720901003","-0.753144445165095",213,1,19,6,"7529.99999999998",88,311,0,675,349,"M",46,"GDR","1 - LocalRoots","Master"
"501","Leclerc","0.132492628119974",0,0,0,"-0.635753586345183","-0.922182245309759",68,0,48,0,"648.999999999998",3,129,0,33,131,"M",47,"LR","1 - LocalRoots","NoInfo"
"502","Nadot","-0.66408821840219",0,0,0,"-0.457085111205602","-0.338684985363835",17,0,26,1,"5126.00",6,5,0,19,116,"M",45,"LREM","6 - PolExp","AboveMaster"
"503","Mauborgne","0.769426349597021",0,0,0,"-0.392174622043883","0.0516530575516055",4,0,6,0,"2576.99999999999",0,1,0,18,259,"F",45,"LREM","6 - PolExp","BA_or_less"
"504","Letchimy","-0.377027809400244",0,0,0,"-0.100726187461139","-1.72511179599691",50,2,4,11,"5561.99999999998",5,2,0,190,162,"M",64,"NG","5 - Incumbent","AboveMaster"
"505","Gipson","0.769426349597021",0,0,0,"0.213886903242683","0.720207972907044",8,0,49,1,"1269.99999999999",1,22,0,31,314,"F",47,"LREM","6 - PolExp","BA_or_less"
"506","Sylla","-0.66408821840219",0,0,0,"-0.542455093065014","-1.00738660180431",2,0,14,0,"3640.99999999999",3,16,0,18,140,"F",37,"LREM","1 - Novices","AboveMaster"
"507","Krimi","-0.66408821840219",2,2,1,"-0.0871485231481498","0.954138139754424",10,0,3,5,"7288.99999999997",39,42,0,59,153,"F",35,"LREM","1 - Novices","AboveMaster"
"508","Auconie","1.42907785257563",1,0,5,"-0.0525940822039951","0.306250935397273",47,2,38,1,"10099.9999999999",4,40,0,163,245,"F",54,"LC","1 - 2ndCareer","AboveMaster"
"509","Beaudouin-Hubiere","0.769426349597021",0,0,0,"-0.650213786315022","1.31756860660704",7,0,9,8,"2738.00",1,0,0,12,410,"F",45,"LREM","1 - Novices","BA_or_less"
"510","Errante","-2.0976027864014",1,0,1,"-0.368239886903161","-1.30251729563525",0,1,0,9,"5065.00",23,49,0,2,125,"F",46,"LREM","5 - Incumbent","BA_or_less"
"511","Mette","-0.294804583033896",0,0,0,"-0.0370672321425917","0.56634979955793",14,1,11,2,"536.999999999998",3,15,0,35,385,"F",58,"MODEM","1 - LocalRoots","BA_or_less"
"512","Panonacle","0.769426349597021",0,0,0,"-0.274324734265645","-0.0476227531120163",6,1,35,33,"0.00",1,55,0,16,143,"F",49,"LREM","1 - Novices","AboveMaster"
"513","Guerini","0.769426349597021",14,11,5,"2.21180950699241","0.288352450268057",275,5,2,74,"15400.0000000001",105,44,0,388,299,"M",35,"LREM","6 - PolExp","AboveMaster"
"514","Dupont","-0.66408821840219",0,0,0,"-0.323459972866138","0.45203618953375",23,3,3,11,"2471.00",11,21,0,78,349,"F",44,"LREM","1 - LocalRoots","Master"
"515","Buchou","-0.66408821840219",0,0,0,"-0.488664364591906","-0.249836289403039",6,0,8,3,"2488.99999999999",2,81,0,7,367,"M",43,"LREM","4 - Entourage","Master"
"516","Claireaux","-2.0976027864014",0,0,0,"-0.720913884977964","-0.984481332013923",1,0,1,0,"742.000000000001",3,0,0,5,130,"M",53,"LREM","5 - Incumbent","BA_or_less"
"517","Demilly","0.381087427353501",0,0,0,"-0.529027224527946","-1.32478353288606",8,0,43,5,"0.00",13,16,1,21,35,"M",54,"LC","5 - Incumbent","AboveMaster"
"518","Mazars","-0.66408821840219",0,0,0,"-0.426616652359356","0.343149647107855",16,2,7,2,"1895.99999999999",6,114,0,36,270,"M",48,"LREM","1 - 2ndCareer","Master"
"519","Peu","-0.0520881780692474",6,1,7,"2.43314079015785","-0.297998377751558",561,0,34,0,"4932.99999999999",83,76,0,574,458,"M",55,"GDR","1 - LocalRoots","NoInfo"
"520","Testé","2.20294091759623",0,0,0,"0.294494781353346","0.787897104068195",22,0,53,2,"0.00",2,10,0,45,241,"M",49,"LREM","6 - PolExp","BA_or_less"
"521","Trompille","-0.66408821840219",0,0,0,"-0.480151295069352","-0.3416145397163",56,0,8,0,"6096.00000000002",3,37,0,9,90,"M",35,"LREM","6 - PolExp","BA_or_less"
"522","Viry","-0.886681434341368",0,0,1,"0.559009162193162","1.37977508261302",62,2,42,13,"1298.00",3,12,0,209,196,"M",48,"LR","1 - LocalRoots","NoInfo"
"523","Do","-0.66408821840219",0,0,0,"-0.404390386827758","-1.47155509577992",94,1,14,17,"2377.00000000001",3,5,0,27,170,"F",38,"LREM","6 - PolExp","Master"
"524","Kerbarh","0.769426349597021",0,0,0,"-0.377799038561081","1.11510508056136",13,0,12,2,"3545.99999999999",2,18,0,14,183,"F",42,"LREM","6 - PolExp","Master"
"525","Rist","0.769426349597021",0,0,0,"0.128713774605377","0.289415668920099",2,0,14,4,"3658.00000000001",0,1,0,12,234,"F",44,"LREM","1 - Novices","AboveMaster"
"526","Maillard","2.20294091759623",21,9,9,"0.164541604531482","0.461183372346256",69,0,11,56,"14900.00",63,50,0,102,395,"M",43,"LREM","6 - PolExp","AboveMaster"
"527","Waserman","0.502901935763704",0,0,4,"0.0409064496409683","0.508337062127438",108,3,17,1,"1951.00",14,11,1,1142,168,"M",50,"MODEM","1 - 2ndCareer","AboveMaster"
"528","Pinel","-0.3659625273557",0,0,1,"-0.611558777395519","-1.51216868165457",169,0,7,1,"25700.0000000012",21,33,0,61,387,"F",40,"NI","5 - Incumbent","Master"
"529","Charrière","0.769426349597021",0,0,1,"1.30990344768466","0.0124815382822684",20,1,3,16,"2949.00000000001",2,5,0,42,339,"F",56,"LREM","1 - Novices","Master"
"530","Bazin","0.132492628119974",0,0,0,"4.42699202257349","3.74836847186991",553,0,52,3,"1742.00",11,91,0,712,438,"M",33,"LR","4 - Entourage","AboveMaster"
"531","Benoit","0.905082639964564",0,0,1,"1.04162961015614","-0.288290494767269",219,0,23,1,"2616.00000000001",5,97,0,242,313,"M",51,"LC","5 - Incumbent","NoInfo"
"532","Michels","0.769426349597021",0,0,0,"-0.190479197364031","1.37977508261302",5,3,1,23,"3327.99999999999",3,6,0,21,272,"M",57,"LREM","1 - Novices","AboveMaster"
"533","Solère","-1.71489342309075",24,17,2,"-1.0524758984739","-2.47992563745821",0,0,12,3,"27299.9999999995",252,337,0,6,52,"M",46,"LC","5 - Incumbent","Master"
"534","Gassilloud","-0.66408821840219",0,0,0,"-0.147794974750913","-0.302287779989509",3,2,0,0,"2553.99999999999",3,68,0,6,82,"M",36,"LREM","1 - 2ndCareer","Master"
"535","Mesnier","0.769426349597021",0,0,0,"-0.279234397837909","0.920479227479636",33,1,12,43,"6444.00000000001",30,201,0,61,374,"M",31,"LREM","1 - Novices","AboveMaster"
"536","Rudigoz","0.769426349597021",0,0,0,"-0.714809262845585","-0.498357135520125",11,0,14,3,"2492.00000000001",3,70,0,69,303,"M",46,"LREM","4 - Entourage","NoInfo"
"537","Degois","-2.0976027864014",0,0,0,"-0.677861492270428","-0.378141880858985",28,1,45,3,"2275.00",8,3,0,32,213,"F",24,"LREM","1 - Novices","Master"
"538","Bernalicis","0.242535625036333",14,14,6,"2.24101238316703","0.182862640893002",393,0,25,9,"10300.00",89,66,0,702,229,"M",28,"LFI","6 - PolExp","Master"
"539","Faure-Muntian","-0.66408821840219",0,0,0,"-0.708054586194378","-1.17573894552676",9,1,8,0,"1863.00000000001",1,22,0,3,169,"F",33,"LREM","1 - Novices","BA_or_less"
"540","Bazin-Malgras","-0.886681434341368",0,0,0,"-0.36862924563853","0.0124815382822684",191,0,60,1,"1580.00",1,1,0,51,195,"F",48,"LR","6 - PolExp","NoInfo"
"541","Beauvais","1.15166669058132",0,0,0,"-0.34084392988414","-0.35094305754855",76,0,52,0,"1079.00000000001",2,0,0,63,307,"F",54,"LR","4 - Entourage","NoInfo"
"542","Boyer","0.132492628119974",9,5,1,"0.382386377078616","-0.51700541641463",122,0,19,0,"60100.0000000011",25,16,0,167,147,"F",55,"LR","5 - Incumbent","AboveMaster"
"543","Gomez-Bassac","-0.66408821840219",0,0,0,"-0.783081762508452","-0.264452592355562",9,1,12,2,"1844.00000000001",2,5,0,9,221,"F",48,"LREM","1 - Novices","Master"
"544","Lacroute","0.132492628119974",1,0,2,"-0.530891112127292","-1.21753795097632",152,0,49,30,"4540.99999999998",3,4,0,114,207,"F",52,"LR","5 - Incumbent","Master"
"545","Oppelt","0.769426349597021",0,0,0,"-0.657443886299941","-0.330549944803435",6,1,8,5,"4086.00000000001",4,15,0,6,366,"F",44,"LREM","1 - Novices","Master"
"546","Petit","-0.66408821840219",0,0,0,"-0.634255199733421","0.185605859266229",20,1,9,6,"2692.00",5,12,0,10,196,"F",41,"LREM","1 - Novices","AboveMaster"
"547","Rabault","2.50028968339109",9,3,8,"0.275785540554975","-0.00627828041019079",388,2,31,9,"12100.00",90,54,0,667,338,"F",44,"NG","5 - Incumbent","AboveMaster"
"548","Thomas","-0.66408821840219",0,0,0,"-0.528226762755112","0.151696200025849",0,0,5,0,"1325.00",1,0,0,10,390,"F",49,"LREM","1 - 2ndCareer","NoInfo"
"549","Hammerer","-0.66408821840219",0,0,0,"-0.606833186405505","0.514639055919884",10,0,7,2,"3528.00",1,20,0,21,346,"F",49,"LREM","6 - PolExp","Master"
"550","Louwagie","1.15166669058132",0,0,3,"1.28413135640781","1.13950789444966",644,2,47,15,"3005.00",7,139,0,508,291,"F",56,"LR","5 - Incumbent","Master"
"551","Riotton","-0.66408821840219",0,0,0,"-0.281715756001033","0.306250935397273",26,0,8,26,"2856.99999999999",0,0,0,19,230,"F",48,"LREM","1 - Novices","NoInfo"
"552","Bru","-0.294804583033896",0,0,1,"-0.286215124173756","-0.137711371536705",32,2,21,12,"2536.99999999999",6,111,0,37,196,"M",62,"MODEM","1 - LocalRoots","NoInfo"
"553","Descoeur","0.132492628119974",0,0,1,"0.287392917623868","0.407357703542784",491,1,44,3,"1479.00",15,17,0,245,301,"M",55,"LR","5 - Incumbent","Master"
"554","Ledoux","1.42907785257563",0,0,0,"-0.628844705667282","-1.51216868165457",29,2,19,6,"4708.99999999998",5,55,0,59,61,"M",51,"LC","5 - Incumbent","Master"
"555","Rolland","-0.886681434341368",0,0,0,"-0.332089386978563","-0.288290494767269",231,1,28,0,"643.999999999998",2,0,0,58,160,"M",47,"LR","5 - Incumbent","NoInfo"
"556","Thiébaut","-0.66408821840219",0,0,0,"-0.281715756001033","0.457911087615539",28,0,6,1,"2680.99999999999",2,0,0,33,430,"M",45,"LREM","1 - Novices","BA_or_less"
"557","Duby-Muller","1.15166669058132",8,1,5,"-0.0577898579860878","0.898670756323327",31,1,45,2,"12100.00",31,16,0,58,83,"F",38,"LR","5 - Incumbent","AboveMaster"
"558","Batut","-0.66408821840219",0,0,0,"-0.538802410419665","-0.144980741082347",10,0,13,2,"3414.00",3,106,0,6,186,"M",41,"LREM","1 - Novices","NoInfo"
"559","Breton","-1.90585549680271",2,0,4,"-0.426616652359356","0.383221398661569",174,0,22,2,"7385.00000000001",13,94,0,76,143,"M",55,"LR","5 - Incumbent","AboveMaster"
"560","Paluszkiewicz","0.769426349597021",0,0,0,"-0.455985422949653","0.0591952152960864",7,1,34,0,"3167.00000000001",2,13,0,31,260,"M",45,"LREM","6 - PolExp","NoInfo"
"561","Roseren","-0.66408821840219",0,0,0,"-0.519367159946117","-0.2681722632353",47,2,15,16,"1590.00000000001",0,1,0,43,304,"M",47,"LREM","6 - PolExp","Master"
"562","Braun-Pivet","-0.66408821840219",3,3,3,"4.37659352241114","3.58896152295864",53,8,6,27,"11200.00",109,74,0,259,296,"F",47,"LREM","1 - Novices","Master"
"563","Favennec Becot","-0.142907785257563",0,0,0,"-0.0989190452923186","0.208960096458768",10,0,55,1,"8341.00",1,0,0,42,122,"M",59,"LC","5 - Incumbent","BA_or_less"
"564","Haury","-0.66408821840219",0,0,0,"0.0952263525037714","0.306250935397273",7,1,38,3,"1856.00000000001",1,71,0,18,133,"M",63,"LREM","1 - LocalRoots","AboveMaster"
"565","Kerlogot","0.769426349597021",0,0,0,"-0.430797123169018","0.455576147302798",11,1,7,15,"909.000000000004",2,285,0,10,461,"M",47,"LREM","1 - 2ndCareer","Master"
"566","Courson (de)","2.20294091759623",0,0,0,"-0.496055386327295","0.91289154427034",9,0,14,14,"46.9999999999999",0,21,0,3,182,"F",63,"LREM","6 - PolExp","Master"
"567","Blein","0.769426349597021",0,0,2,"-0.686364286239619","-1.13347949549059",6,1,13,13,"3445.99999999998",13,43,0,13,109,"M",63,"LREM","5 - Incumbent","BA_or_less"
"568","Daniel","-0.66408821840219",0,0,0,"-0.548992386526148","0.76819575613688",49,0,17,1,"1693.00",7,228,0,15,132,"M",63,"LREM","5 - Incumbent","BA_or_less"
"569","Park","-0.66408821840219",0,0,0,"-0.34084392988414","-0.148729521257527",5,1,3,11,"1809.00",2,3,0,14,333,"F",32,"LREM","1 - Novices","AboveMaster"
