"","ccode","population","exp.total","exp.consumption","exp.military","exp.military.wdi","order","exp.econaffairs","exp.environment","exp.housing","exp.health","exp.recreation","exp.education","exp.socprot","exp.genservices","ginv","revenues","gfinworth","gout","gemp","tariffs","soc.oldage","soc.survivors","soc.incap","soc.health","soc.family","soc.labmkt","soc.unempl","soc.housing","soc.other","soc.total","reg.prodmarket","reg.statecontrol","reg.pubown","reg.bizinvolve","reg.entbarrs","reg.startup","reg.barriers","reg.barriers.expl","reg.barriers.other","reg.soes","reg.commandreg","reg.pricecon","reg.permits","reg.complexreg","reg.commrules","reg.aburd.major","reg.aburd.sole","reg.legbarrs","reg.incumbents","reg.antitrustex","reg.tariffs","reg.directcontrols","reg.fdibarrs","reg.govnet","reg.netbarrs","reg.govsoes","reg.servbarrs","reg.forreg","reg.bartfacil","reg.prof.legal.reg","reg.prof.legal.entry","reg.prof.legal.entry.excl","reg.prof.legal.entry.edu","reg.prof.legal.entry.mem","reg.prof.legal.entry.quot","reg.prof.legal.conduct","reg.prof.legal.conduct.prices","reg.prof.legal.conduct.bizform","reg.prof.legal.conduct.adv","reg.prof.legal.conduct.coop","reg.prof.arch.reg","reg.prof.arch.entry","reg.prof.arch.entry.excl","reg.prof.arch.entry.edu","reg.prof.arch.entry.mem","reg.prof.arch.entry.quot","reg.prof.arch.conduct","reg.prof.arch.conduct.prices","reg.prof.arch.conduct.bizform","reg.prof.arch.conduct.adv","reg.prof.arch.conduct.coop","reg.prof.eng.reg","reg.prof.eng.entry","reg.prof.eng.entry.excl","reg.prof.eng.entry.edu","reg.prof.eng.entry.mem","reg.prof.eng.entry.quot","reg.prof.eng.conduct","reg.prof.eng.conduct.prices","reg.prof.eng.conduct.bizform","reg.prof.eng.conduct.adv","reg.prof.eng.conduct.coop","reg.prof.acc.reg","reg.prof.acc.entry","reg.prof.acc.entry.excl","reg.prof.acc.entry.edu","reg.prof.acc.entry.mem","reg.prof.acc.entry.quot","reg.prof.acc.conduct","reg.prof.acc.conduct.prices","reg.prof.acc.conduct.bizform","reg.prof.acc.conduct.adv","reg.prof.acc.conduct.coop","reg.ret.overall","reg.ret.reglic","reg.ret.largeo","reg.ret.protfirms","reg.ret.ophours","reg.ret.pricecon","reg.ret.promo","tax.supra.tot","tax.supra.inc","tax.supra.inc.indiv","tax.supra.inc.corp","tax.supra.inc.oth","tax.supra.ss","tax.supra.ss.workers","tax.supra.ss.emplr","tax.supra.ss.self","tax.supra.ss.oth","tax.supra.payroll","tax.supra.prop","tax.supra.prop.wealth","tax.supra.prop.estate","tax.supra.prop.ftrans","tax.supra.prop.nonrecur","tax.supra.prop.oth","tax.supra.gst","tax.supra.gst.xfer","tax.supra.gst.use","tax.supra.gst.oth","tax.supra.other","tax.fed.tot","tax.fed.inc","tax.fed.inc.indiv","tax.fed.inc.corp","tax.fed.inc.oth","tax.fed.ss","tax.fed.ss.workers","tax.fed.ss.emplr","tax.fed.ss.self","tax.fed.ss.oth","tax.fed.payroll","tax.fed.prop","tax.fed.prop.wealth","tax.fed.prop.estate","tax.fed.prop.ftrans","tax.fed.prop.nonrecur","tax.fed.prop.oth","tax.fed.gst","tax.fed.gst.xfer","tax.fed.gst.use","tax.fed.gst.oth","tax.fed.other","tax.state.tot","tax.state.inc","tax.state.inc.indiv","tax.state.inc.corp","tax.state.inc.oth","tax.state.ss","tax.state.ss.workers","tax.state.ss.emplr","tax.state.ss.self","tax.state.ss.oth","tax.state.payroll","tax.state.prop","tax.state.prop.wealth","tax.state.prop.estate","tax.state.prop.ftrans","tax.state.prop.nonrecur","tax.state.prop.oth","tax.state.gst","tax.state.gst.xfer","tax.state.gst.use","tax.state.gst.oth","tax.state.other","tax.local.tot","tax.local.inc","tax.local.inc.indiv","tax.local.inc.corp","tax.local.inc.oth","tax.local.ss","tax.local.ss.workers","tax.local.ss.emplr","tax.local.ss.self","tax.local.ss.oth","tax.local.payroll","tax.local.prop","tax.local.prop.wealth","tax.local.prop.estate","tax.local.prop.ftrans","tax.local.prop.nonrecur","tax.local.prop.oth","tax.local.gst","tax.local.gst.xfer","tax.local.gst.use","tax.local.gst.oth","tax.local.other","tax.socsec.tot","tax.socsec.inc","tax.socsec.inc.indiv","tax.socsec.inc.corp","tax.socsec.inc.oth","tax.socsec.ss","tax.socsec.ss.workers","tax.socsec.ss.emplr","tax.socsec.ss.self","tax.socsec.ss.oth","tax.socsec.payroll","tax.socsec.prop","tax.socsec.prop.wealth","tax.socsec.prop.estate","tax.socsec.prop.ftrans","tax.socsec.prop.nonrecur","tax.socsec.prop.oth","tax.socsec.gst","tax.socsec.gst.xfer","tax.socsec.gst.use","tax.socsec.gst.oth","tax.socsec.other","tax.all.tot","tax.all.inc","tax.all.inc.indiv","tax.all.inc.corp","tax.all.inc.oth","tax.all.ss","tax.all.ss.workers","tax.all.ss.emplr","tax.all.ss.self","tax.all.ss.oth","tax.all.payroll","tax.all.prop","tax.all.prop.wealth","tax.all.prop.estate","tax.all.prop.ftrans","tax.all.prop.nonrecur","tax.all.prop.oth","tax.all.gst","tax.all.gst.xfer","tax.all.gst.use","tax.all.gst.oth","tax.all.other","scode","country","polity2"
"1",2,322987045.3,38.18333333,14.19121615,3.536666667,3.196244613,2.063333333,3.416666667,0,0.543333333,8.873333333,0.253333333,6.18,7.936666667,5.376666667,3.226666667,33.39,-81.00666667,NA,15.51333333,1.673333333,6.416,0.661,1.505,14.049,0.642,0.105,0.198,0.26,0.797,24.634,1.5905634,2.7027779,3.0270834,2.3784723,1.5531635,1.4074074,0.51574892,0.26679546,0.76470238,2.9000001,2.1944444,2.5625,2,1.1319444,0.2638889,0.60000002,0.60000002,0.46666667,2.1201389,2.9000001,0,3,0.53359091,0.58333331,2.9937501,5.625,3.0222223,1.3419048,0.1875,1.4583334,1.6666667,3,3.6666667,0,0,1.25,0,2,3,0,0.75,0.75,0,3,0,0,0.75,0,0,3,0,0.79166663,0.83333331,0,3.3333333,0,0,0.75,0,0,3,0,1.25,1.75,3,4,0,0,0.75,0,0,3,0,NA,NA,NA,NA,NA,NA,NA,NA,NA,NA,NA,NA,NA,NA,NA,NA,NA,NA,NA,NA,NA,NA,NA,NA,NA,NA,NA,NA,NA,11.239,10.354,8.551,1.803,0,0,NA,NA,NA,NA,0,0.111,0,0.111,0,0,0,0.774,0.774,0,0,0,5.074,2.167,1.896,0.272,0,0,NA,NA,NA,NA,0,0.11,0,0.026,0,0,0.02,2.796,2.379,0.417,0,0,3.694,0.223,0.169,0.055,0,0,NA,NA,NA,NA,0,2.609,0,0.002,0,0,0.026,0.861,0.613,0.248,0,0,6.229,0,NA,NA,NA,6.229,2.778,3.113,0.338,0,0,0,NA,NA,NA,NA,NA,0,NA,NA,NA,0,26.235,12.745,10.616,2.129,0,6.229,2.778,3.113,0.338,0,0,2.831,0,0.14,0,0,0.046,4.43,3.766,0.664,0,0,"USA","United States",10
"2",20,36117554.33,40.54333333,20.90216938,NA,1.200660161,NA,NA,NA,NA,NA,NA,NA,NA,NA,3.78,39.31333333,-30.57333333,77.49,18.16666667,1.576666667,4.351,0.347,0.752,7.28,1.552,0.235,0.619,0.304,2.187,17.628,1.4248413,1.9195344,2.2132185,1.6258504,1.3438802,1.3163581,1.0111092,0.51840907,1.5038095,2.5999999,1.2976191,1.9540817,2,1.2853974,0.57079476,0,0.2,0.68965518,1.429885,0.64999998,0,0.58620691,1.0368181,1.9166666,2.95,3.75,3.7490742,1.8409524,1.1666666,3.2291667,4.0833335,6,4.3333335,6,0,2.375,0,2,3,4.5,3.2708335,3.9166667,6,3.6666667,6,0,2.625,1,2,3,4.5,2.5833333,4.1666665,6,4.6666665,6,0,1,4,0,0,0,3.5,4.25,6,5,6,0,2.75,0,2,3,6,2.4976189,5.6999998,0,3,2.2857144,4,0,NA,NA,NA,NA,NA,NA,NA,NA,NA,NA,NA,NA,NA,NA,NA,NA,NA,NA,NA,NA,NA,NA,13.447,9.602,7.184,2.085,0.333,1.186,0.491,0.695,0,0,0,0,NA,NA,NA,NA,NA,2.66,2.658,0.002,0,0,12.923,6.183,4.861,1.322,0,0.696,0.057,0.64,0,0,0.667,0.59,0.019,0.013,0.196,0.09,0,4.786,4.362,0.424,0,0,3.356,0,NA,NA,NA,0,NA,NA,NA,NA,0,3.264,0,0,0.05,0.364,0,0.058,0.006,0.052,0,0.034,2.951,0,NA,NA,NA,2.951,1.393,1.393,0.166,0,0,0,NA,NA,NA,NA,NA,0,NA,NA,NA,0,32.678,15.785,12.045,3.407,0.333,4.833,1.94,2.727,0.166,0,0.667,3.854,0.019,0.013,0.246,0.454,0,7.504,7.026,0.478,0,0.034,"CAN","Canada",10
"3",70,123322986,24.50333333,12.02838383,NA,0.574437325,NA,NA,NA,NA,NA,NA,NA,NA,NA,2,24.07333333,-12.87,NA,NA,3.346666667,2.05,0.188,0.035,3.003,1.03,0.005,NA,0.896,0.475,7.682,1.9062263,2.0166087,2.5905092,1.4427084,2.1854842,2.4302468,1.5165861,1.3713864,1.6617857,2.95,0.54166669,2.34375,2.6666667,1.4092786,0.15189044,1.6,2.5999999,1.3666667,2.7169271,2.95,1.5,0.91203701,1.2427728,2.75,3.8341146,3.75,3.0907409,1.7592857,1.5642858,1.7083334,3.4166667,6,1.6666666,0,6,0,0,0,0,0,1.2083334,2.4166667,6,3.6666667,0,0,0,0,0,0,0,0.95833331,1.9166666,6,1.6666666,0,0,0,0,0,0,0,1.3333333,1.9166666,6,1.6666666,0,0,0.75,0,0,3,0,2.1095238,4.8000002,4,3,0,0.85714287,0,NA,NA,NA,NA,NA,NA,NA,NA,NA,NA,NA,NA,NA,NA,NA,NA,NA,NA,NA,NA,NA,NA,12.807,6.639,3.287,3.196,0.155,0,NA,NA,NA,NA,0,0,NA,NA,NA,NA,NA,6.021,6.018,0.003,0,0.148,0.666,0,NA,NA,NA,0,NA,NA,NA,NA,0.379,0.121,0,0,0.044,0,0,0.131,0.024,0.108,0,0.035,0.252,0,NA,NA,NA,0,NA,NA,NA,NA,0,0.19,0,0,0.062,0,0,0.004,0.004,0,0,0.058,2.208,0,NA,NA,NA,2.208,NA,NA,NA,2.208,0,0,NA,NA,NA,NA,NA,0,NA,NA,NA,0,15.933,6.639,3.287,3.196,0.155,2.208,NA,NA,NA,2.208,0.379,0.311,0,0,0.106,0,0,6.156,6.045,0.111,0,0.241,"MEX","Mexico",8
"4",155,18216286.67,NA,13.59616693,NA,1.917319248,NA,NA,NA,NA,NA,NA,NA,NA,NA,NA,NA,1.463333333,NA,NA,2.34,3.517,0.823,1.001,4.876,1.701,0.163,0.457,0.797,0.388,13.722,1.5142038,2.0950522,2.2447917,1.9453125,2.0217474,1.1219137,0.42581168,0.17215909,0.67946428,2.4749999,1.5,2.390625,6,3.75,1.5,1.2,0.80000001,0.46666667,1.1933284,0,0,0.96250004,0.34431818,1.7916666,3.1133184,3.75,1.3657408,0.1,1.2589285,1.3541667,1.9583334,6,1.8333334,0,0,0.75,3,0,0,0,1.0833333,1.9166666,6,1.6666666,0,0,0.25,1,0,0,0,1.125,2,6,2,0,0,0.25,1,0,0,0,1.7083333,1.9166666,6,1.6666666,0,0,1.5,6,0,0,0,1,6,0,0,0,0,0,NA,NA,NA,NA,NA,NA,NA,NA,NA,NA,NA,NA,NA,NA,NA,NA,NA,NA,NA,NA,NA,NA,17.704,7.419,2.005,4.285,1.129,0.272,0.232,0.04,0,0,0,0.238,0,0.058,0.17,0,0,10.139,10.106,0.032,0,-0.363,NA,NA,NA,NA,NA,NA,NA,NA,NA,NA,NA,NA,NA,NA,NA,NA,NA,NA,NA,NA,NA,NA,1.54,0,0,0,0,0,NA,NA,NA,NA,0,0.653,0,0,0,0,0,0.887,0.242,0.645,0,0,1.139,0,0,0,0,1.139,1.139,0,0,0,0,0,NA,NA,NA,NA,NA,0,NA,NA,NA,0,20.383,7.419,2.005,4.285,1.129,1.411,1.371,0.04,0,0,0,0.89,0,0.058,0.17,0,0,11.026,10.348,0.678,0,-0.363,"CHL","Chile",10
"5",200,65594428.33,43.75666667,18.67775159,2.183333333,1.813828678,2.07,3.07,0.793333333,0.466666667,7.55,0.68,5.286666667,16.63,5,2.58,38.56333333,-77.87,79.10333333,16.86666667,1.88,7.263,0.051,1.949,7.717,3.474,0.188,0.272,1.535,0.105,22.552,1.0840274,1.5711745,2.1371408,1.0052083,1.4854102,1.3561729,0.19549757,0.18322727,0.20776786,1.4,1.0416666,0.96875,4.6666665,2.4604745,0.25428241,0.80000001,0.2,0.60000002,0.63958335,0.34999999,0,1.9818965,0.36645454,0.66666669,0.96875,4.5,3.0685186,0.13428572,0.28125,0.79166663,0.83333331,3,0.33333334,0,0,0.75,0,0,3,0,0.72916669,1.4583334,1.5,4.3333335,0,0,0,0,0,0,0,0,0,0,0,0,0,0,0,0,0,0,1.75,3.5,6,2,6,0,0,0,0,0,0,1.7928572,3.9000001,6,0,0,0.85714287,0,0.163,0,0,0,0,0,NA,NA,NA,NA,0,0,NA,NA,NA,NA,NA,0.001,0.001,0,0,0,24.397,11.332,8.908,2.425,0,0,NA,NA,NA,NA,0,2.459,0,0.234,0.727,0,0,10.606,10.213,0.393,0,0,NA,NA,NA,NA,NA,NA,NA,NA,NA,NA,NA,NA,NA,NA,NA,NA,NA,NA,NA,NA,NA,NA,1.58,0,0,0,0,0,NA,NA,NA,NA,0,1.58,0,0,0,0.008,0,0,0,0,0,0,6.017,0,0,0,0,6.017,2.345,3.507,0.165,0,0,0,NA,NA,NA,NA,NA,0,0,0,0,0,32.156,11.332,8.908,2.425,0,6.017,2.345,3.507,0.165,0,0,4.039,0,0.234,0.727,0.008,0,10.606,10.214,0.393,0,0,"UKG","United Kingdom",10
"6",205,4754893.333,35.74666667,12.21805748,0.396666667,0.328207104,1.313333333,3.12,0.52,0.703333333,7.026666667,0.72,4.493333333,11.94666667,5.44,1.836666667,31.95,-73.73666667,63.11333333,15.00666667,1.88,3.573,0.321,1.44,5.301,2.212,0.566,1.485,0.497,0.119,15.514,1.4542758,2.1243005,3.0506845,1.1979167,1.9767658,1.4870369,0.26176137,0.12852272,0.39499998,2.2,1.2083334,1.1875,5.3333335,3.3689816,1.4046296,1.4,0.2,0.7241379,1.0742786,0,0,2.4035714,0.25704545,3.8491666,2.498698,3.75,2.8611109,0.46857142,0.32142857,3.4791665,3.2083333,3,3.8333333,6,0,3.75,0,6,3,6,0.1875,0.375,1.5,0,0,0,0,0,0,0,0,0.1875,0.375,1.5,0,0,0,0,0,0,0,0,1.1458334,2.2916667,1.5,1.6666666,6,0,0,0,0,0,0,1.5333333,1.2,2,6,0,0,0,0.124,0,NA,NA,NA,0,NA,NA,NA,NA,0,0,NA,NA,NA,NA,NA,0,NA,NA,NA,NA,19.161,9.923,7.303,2.619,0.002,0.597,0.597,0,0,0,0.136,0.964,0.065,0.153,0.566,0,0,7.536,6.795,0.742,0,0.004,NA,NA,NA,NA,NA,NA,NA,NA,NA,NA,NA,NA,NA,NA,NA,NA,NA,NA,NA,NA,NA,NA,0.577,0,NA,NA,NA,0.048,0.048,0,0,0,0,0.529,0,0,0,0,0,0,NA,NA,NA,0,3.243,0,0,NA,NA,3.243,0.701,2.367,0.175,0,0,0,NA,NA,NA,NA,NA,0,NA,NA,NA,0,23.106,9.923,7.303,2.619,0.002,3.889,1.347,2.367,0.175,0,0.136,1.493,0.065,0.153,0.566,0,0,7.536,6.795,0.742,0,0.004,"IRE","Ireland",10
"7",210,17033844.33,45.93,24.63565355,1.133333333,1.151621804,1.88,3.993333333,1.48,0.436666667,8.116666667,1.463333333,5.41,16.81333333,5.13,3.17,43.69,-42.35333333,37.93,13.26666667,1.88,6.144,0.09,4.092,8.424,1.455,0.766,1.456,0.454,1.247,24.128,0.91503167,1.4332321,1.5115534,1.3549107,1.1937436,1.2475308,0.11811931,0.045613635,0.190625,1.9,1.5535715,1.15625,2,1.0779706,0.15594135,1.4,0,1.15,1.2557292,0,0,0.67241377,0.091227271,1.9738001,2.6171875,1.5,2.3425925,0.1,0.28125,2.7916667,4.0833335,6,4.3333335,6,0,1.5,0,0,3,3,0,0,0,0,0,0,0,0,0,0,0,0,0,0,0,0,0,0,0,0,0,0,2.125,3.5,3,5,6,0,0.75,0,0,3,0,0.91428572,1.2,0,0,2.5714285,1.7142857,0,0.446,0,0,0,0,0,NA,NA,NA,NA,0,0,NA,NA,NA,NA,NA,0.117,0.117,0,0,0,21.182,10.268,7.595,2.673,0,0,NA,NA,NA,NA,0,0.686,0,0.234,0.257,0,0,10.168,9.564,0.604,0,0.06,NA,NA,NA,NA,NA,NA,NA,NA,NA,NA,NA,NA,NA,NA,NA,NA,NA,NA,NA,NA,NA,NA,1.404,0,0,0,0,0,NA,NA,NA,NA,0,0.73,0,0,0,0,0,0.674,0.036,0.638,0,0,13.975,0,0,0,0,13.975,6.987,5.016,1.971,0,0,0,NA,NA,NA,NA,NA,0,NA,NA,NA,0,37.007,10.268,7.595,2.673,0,13.975,6.987,5.016,1.971,0,0,1.416,0,0.234,0.257,0,0,10.96,9.717,1.243,0,0.06,"NTH","Netherlands",10
"8",211,11326925.33,54.93666667,23.46241214,0.886666667,0.916954087,1.826666667,6.786666667,1.003333333,0.373333333,7.92,1.25,6.386666667,20.06666667,8.4,2.393333333,52.04,-96.28,34.39666667,18.56,1.88,9.117,1.843,2.93,7.923,2.823,0.718,2.948,0.233,0.653,29.188,1.3856595,2.1918879,2.3385129,2.0452628,1.7805735,2.5330248,0.18451704,0.11903409,0.25,2.5999999,2.9186509,1.171875,2,1.469782,0.93956405,2.2,1,1.5,1.3389137,0,0,1.1637931,0.23806818,2.5902584,2.516741,3,4.3990741,0.5,0,4.3125,5,3,5,6,6,3.625,5,2,3,4.5,2.3541665,3.2083333,4.5,2.3333333,6,0,1.5,0,0,3,3,0,0,0,0,0,0,0,0,0,0,0,3.2291667,4.0833335,6,4.3333335,6,0,2.375,0,2,3,4.5,4.0571427,4.1999998,6,6,3.4285715,1.7142857,3,0.392,0,NA,NA,NA,0,NA,NA,NA,NA,0,0,NA,NA,NA,NA,NA,0.059,0.059,0,0,0,24.363,13.925,10.587,3.325,0.012,0.569,0.334,0.174,0.061,0,0,0.454,0.161,0,0.145,0.137,0,9.415,9.411,0.002,0.002,0,3.436,1.044,1.044,0,0,0.003,0.001,0.002,0,0,0,1.727,0,0.732,0.917,0.017,0,0.653,0.055,0.597,0,0.01,2.178,0.744,0.744,0,0,0.006,0.005,0.002,0,0,0,1.253,0,0,0,0,0,0.174,0.169,0.005,0,0,14.444,0.27,0.27,0,0,13.712,3.794,8.647,1.27,0,0.002,0.077,0,0,0,0,0.077,0.384,0.384,0,0,0,44.813,15.982,12.644,3.325,0.012,14.289,4.134,8.825,1.331,0,0.002,3.511,0.161,0.732,1.062,0.155,0.077,10.686,10.078,0.605,0.002,0.01,"BEL","Belgium",8
"9",212,582651.3333,42.11,16.84272905,0.306666667,0.500507513,0.996666667,4.8,1.076666667,0.53,4.746666667,1.22,5.22,18.63666667,4.533333333,3.64,43.36,50.18,43.29333333,12.46666667,1.88,6.666,1.703,3.259,5.098,3.367,0.659,1.384,0.309,0.493,22.937,1.4583222,2.4490461,2.7306814,2.1674109,1.7142498,2.4001544,0.21167046,0.010840908,0.41249999,2.5446429,3.4910715,0.84375,2.6666667,1.4083382,0.15000965,1.4,1.2,0.67241377,1.3342569,0,0,1.1354702,0.021681815,4.2426124,3.3303571,3,4.6004629,0.44999999,0.375,3.9583333,5.6666665,6,4.6666665,6,6,2.25,0,0,3,6,3.3541665,3.5833333,6,2.3333333,6,0,3.125,5,0,3,4.5,3.3541665,3.5833333,6,2.3333333,6,0,3.125,5,0,3,4.5,3.2291667,4.0833335,6,4.3333335,6,0,2.375,5,0,0,4.5,4.5416665,5.25,6,3,3.5714285,3.4285715,6,0.101,0,NA,NA,NA,0,NA,NA,NA,NA,0,0,NA,NA,NA,NA,NA,0.057,0.057,0,0,0,25.293,12.296,9.054,3.242,0,0.333,0.333,0,0,0,0,3.187,2.529,0.142,0.516,0,0,9.425,9.274,0.151,0,0.052,NA,NA,NA,NA,NA,NA,NA,NA,NA,NA,NA,NA,NA,NA,NA,NA,NA,NA,NA,NA,NA,NA,1.288,1.163,0,1.163,0,0,NA,NA,NA,NA,0,0.104,0,0,0.035,0,0,0.018,0.016,0.002,0,0.002,10.41,0,NA,NA,NA,10.41,4.529,4.505,1.376,0,0,0,NA,NA,NA,NA,NA,0,NA,NA,NA,0,37.092,13.459,9.054,4.405,0,10.743,4.862,4.505,1.376,0,0,3.291,2.529,0.142,0.551,0,0,9.501,9.347,0.154,0,0.054,"LUX","Luxembourg",10
"10",220,66772759.33,57.11,23.74158326,1.733333333,2.3156309,1.633333333,5.35,1.02,1.183333333,8.14,1.396666667,5.49,24.56,6.58,3.873333333,53.24333333,-72.25,46.33333333,21.36,1.88,12.694,1.717,1.806,8.808,2.936,1.001,1.62,0.826,0.813,32.222,1.4680316,2.3709273,3.2344139,1.5074406,1.6842064,2.1638889,0.34896106,0.28363639,0.41428572,4.3448277,2.4255953,0.58928573,2,1.5727105,1.145421,2,0.60000002,1.137931,1.3160198,0,0,2.6698275,0.56727278,3.6730001,2.8101282,2.25,3.8916667,0.40000001,0.42857143,3.2291667,4.0833335,6,4.3333335,6,0,2.375,0,2,3,4.5,3.25,4.125,6,4.5,6,0,2.375,0,2,3,4.5,0,0,0,0,0,0,0,0,0,0,0,2.8958333,4.1666665,6,4.6666665,6,0,1.625,0,2,0,4.5,2.6380951,2.4000001,4,3,0.42857143,2,4,0.14,0,NA,NA,NA,0,NA,NA,NA,NA,0,0,NA,NA,NA,NA,NA,0.01,0.01,0,0,0.042,15.122,5.485,3.401,2.083,0,0.358,0.273,0.085,0,0,0.216,1.055,0.236,0.556,0.123,0,0,7.922,7.843,0.079,0,0.086,NA,NA,NA,NA,NA,NA,NA,NA,NA,NA,NA,NA,NA,NA,NA,NA,NA,NA,NA,NA,NA,NA,5.975,0.001,0.001,0,0,0,NA,NA,NA,NA,0.422,3.136,0,0,0.528,0,0,1.411,1.218,0.193,0,1.005,24.044,5.1,5.1,0,0,16.36,3.96,11.117,1.284,0,0.925,0,NA,NA,NA,NA,NA,1.632,1.589,0.043,0,0.026,45.281,10.586,8.502,2.084,0,16.719,4.233,11.203,1.284,0,1.564,4.191,0.236,0.556,0.651,0,0,10.975,10.66,0.315,0,1.158,"FRN","France",9
"11",225,8369191.333,33.94,11.96735191,0.95,0.67631733,1.683333333,3.856666667,0.706666667,0.193333333,2.2,0.826666667,5.826666667,13.43,4.29,3.003333333,34.03,-5.153333333,80.79666667,9.91,1.43,10.612,1.193,3.153,7.536,1.717,0.584,0.809,0.118,0.7,26.422,1.4997592,2.6783919,3.7719626,1.5848215,1.5583315,1.2234567,0.26255411,0.24772727,0.27738094,3.5999999,1.5446428,1.625,3.3333333,1.8541666,0.375,1.4,0.40000001,1.5666667,1.5973711,0,0,1.96,0.49545455,4.2778502,3.2254465,5.25,1.8703704,0.23333332,0.32142857,1.8125,1.75,3,4,0,0,1.875,0,0,3,4.5,0.4375,0.375,1.5,0,0,0,0.5,2,0,0,0,0.25,0,0,0,0,0,0.5,2,0,0,0,0.97916663,1.9583333,4.5,3.3333333,0,0,0,0,0,0,0,1.1595238,0.60000002,0,0,2.6428571,1.7142857,2,NA,NA,NA,NA,NA,NA,NA,NA,NA,NA,NA,NA,NA,NA,NA,NA,NA,NA,NA,NA,NA,NA,9.849,4.093,1.611,1.484,0.998,0,NA,NA,NA,NA,0,0.255,0,0,0.255,0,0,5.501,5.046,0.455,0,0,6.815,5.254,4.118,0.953,0.183,0,NA,NA,NA,NA,0,1.089,0.756,0.146,0.027,0,0.107,0.437,0.091,0.345,0,0.035,4.211,3.46,2.82,0.518,0.122,0,NA,NA,NA,NA,0,0.645,0.468,0.019,0.008,0,0.031,0.02,0.01,0.011,0,0.086,6.719,0,NA,NA,NA,6.719,3.116,3.121,0.483,0,0,0,NA,NA,NA,NA,NA,0,NA,NA,NA,0,27.595,12.807,8.549,2.955,1.303,6.719,3.116,3.121,0.483,0,0,1.99,1.224,0.165,0.29,0,0.139,5.958,5.147,0.811,0,0.121,"SWZ","Switzerland",10
"12",230,46507212.33,44.74666667,18.89969933,0.93,1.208452183,2.03,4.526666667,0.86,0.48,6.16,1.143333333,4.096666667,17.59666667,6.91,2.316666667,38.7,-77.77333333,66.46666667,15.97333333,1.88,9.251,2.337,2.395,6.501,1.235,0.593,2.025,0.101,0.217,24.656,1.4419456,1.8570992,1.8243175,1.8898809,2.1036661,2.3354938,0.36507145,0.063000001,0.66714287,3.5,3.1547618,0.625,4.6666665,2.8301709,0.99367523,1.6,1.4,1.3,1.1453338,0,0,1.3181034,0.126,1.7291666,2.1360013,0.75,4.0064816,0.33428571,1,3.3958333,5.5416665,6,4.1666665,6,6,1.25,5,0,0,0,1.75,3.5,6,2,6,0,0,0,0,0,0,1.75,3.5,6,2,6,0,0,0,0,0,0,2.8333333,4.1666665,6,4.6666665,0,6,1.5,0,0,3,3,2.8809524,3,3,3,3.4285715,0.85714287,4,0.162,0,NA,NA,NA,0,NA,NA,NA,NA,0,0,NA,NA,NA,NA,NA,0,NA,NA,NA,0,14.352,5.802,3.562,2.24,0,0.317,0.139,0.178,0,0,0,0.107,0.003,0.019,0.001,0.084,0,8.117,7.982,0.135,0,0.009,4.709,3.203,3.183,0.02,0,0,NA,NA,NA,NA,0,0.975,0.092,0.226,0.654,0,0,0.529,0.48,0.049,0,0.002,3.33,0.522,0.429,0.092,0,0,NA,NA,NA,NA,0,1.516,0.084,0.011,0.013,0.243,0,1.287,0.711,0.576,0,0.006,11.039,0,NA,NA,NA,11.039,1.592,7.952,1.495,0,0,0,NA,NA,NA,NA,NA,0,NA,NA,NA,0,33.593,9.526,7.174,2.352,0,11.356,1.731,8.13,1.495,0,0,2.598,0.179,0.255,0.668,0.327,0,9.933,9.172,0.761,0,0.017,"SPN","Spain",10
"13",235,10327942.67,50.01,17.82202814,1.063333333,1.729529501,2.173333333,5.373333333,0.413333333,0.556666667,6.246666667,0.8,6.11,18.74666667,8.546666667,2.23,44.55333333,-105.76,75.08666667,15.39,1.88,11.568,1.858,2.022,5.936,1.196,0.549,0.979,0.003,0.174,24.285,1.2948341,2.1832292,2.4279168,1.9385417,1.3492019,2.4759259,0.35207143,0.021375,0.68276787,3,2.9083333,0.96875,0,0.40987414,0.81974828,1.8,2,1.5666667,1.1618056,0,0,0.91666669,0.042750001,3.1700001,1.91875,2.625,3.6277778,1.0842857,0.28125,3.875,3.875,6,3.5,6,0,3.875,3,5,3,4.5,3,5,6,2,6,6,1,1,0,3,0,1.6458334,3.2916667,6,1.1666666,6,0,0,0,0,0,0,3.1666667,5.3333335,6,3.3333333,6,6,1,1,0,3,0,1.8285714,2.4000001,3,0,1,2.5714285,2,0.088,0,NA,NA,NA,0,NA,NA,NA,NA,0,0,NA,NA,NA,NA,NA,0,NA,NA,NA,0,25.147,9.741,6.85,2.892,0,2.95,2.84,0.11,0,0,0,0.109,0,0,0.109,0,0,11.978,11.561,0.407,0.01,0.368,NA,NA,NA,NA,NA,NA,NA,NA,NA,NA,NA,NA,NA,NA,NA,NA,NA,NA,NA,NA,NA,NA,2.509,0.693,0.463,0.23,0,0.01,0.01,0,0,0,0,1.172,0,0,0.321,0,0,0.627,0.485,0.142,0,0.006,6.703,0,NA,NA,NA,6.04,1.038,5.001,0,0,0,0,NA,NA,NA,NA,NA,0.655,0.655,0,0,0.008,34.447,10.435,7.313,3.122,0,9,3.888,5.111,0,0,0,1.281,0,0,0.43,0,0,13.261,12.701,0.55,0.01,0.383,"POR","Portugal",10
"14",255,82230760.67,44.36333333,19.4130079,1.03,1.20050062,1.566666667,3.206666667,0.613333333,0.393333333,7.12,1.023333333,4.24,18.87333333,6.296666667,2.063333333,44.62666667,-44.32,36.15333333,10.63,1.88,8.275,1.833,3.423,8.892,2.286,0.63,0.906,0.554,0.29,27.088,1.2848933,1.8418651,2.6944444,0.98928571,1.65265,1.5827161,0.36016476,0.070329547,0.64999998,2.8,1.1071428,0.87142855,2.6666667,1.9960673,1.3254678,1,0.2,0.40000001,1.3791667,1.4,0,1.5277778,0.14065909,1.575,2.3375001,4.875,3.5481482,0.30000001,1,3.5625,4,6,4,6,0,3.125,5,0,3,4.5,2.3125,2.375,1.5,2,6,0,2.25,6,0,3,0,1.6875,1.375,4.5,1,0,0,2,5,0,3,0,2.6041667,4.0833335,6,4.3333335,6,0,1.125,0,0,0,4.5,2.7095239,2.4000001,5,3,2.1428571,1.7142857,2,0.223,0,NA,NA,NA,0,NA,NA,NA,NA,0,0,NA,NA,NA,NA,NA,0.001,0.001,0,0,0.052,11.269,4.718,4.26,0.457,0,0,NA,NA,NA,NA,0,0.011,0.011,0,0,0,0,6.54,6.193,0.347,0,0,8.511,4.396,3.904,0.492,0,0,NA,NA,NA,NA,0,0.575,0,0.206,0.369,0,0,3.539,3.273,0.267,0,0,3.062,2.426,1.667,0.759,0,0,NA,NA,NA,NA,0,0.433,0,0,0,0,0,0.195,0.184,0.011,0,0.007,13.928,0,NA,NA,NA,13.928,6.198,6.532,1.197,0,0,0,NA,NA,NA,NA,NA,0,NA,NA,NA,0,36.992,11.541,9.832,1.709,0,13.928,6.198,6.532,1.197,0,0,1.019,0.011,0.206,0.369,0,0,10.276,9.652,0.624,0,0.059,NA,NA,NA
"15",290,37977108.33,42.13666667,17.87130833,1.566666667,1.991792313,2.226666667,4.546666667,0.616666667,0.723333333,4.643333333,1.16,5.246666667,16.06666667,5.216666667,4.076666667,38.74666667,-40.51666667,75.26666667,NA,1.88,NA,NA,NA,NA,NA,NA,NA,NA,NA,20.246,1.6479105,3.0631847,4.3609924,1.765377,1.6357514,2.5811727,0.24479546,0.21459091,0.27500001,5.6500001,1.718254,1.8125,2.6666667,1.3635815,0.060496237,2.4000001,1,0.2,0.96249998,0,0,3.2960527,0.42918181,3.9979167,2.6875,4.5,4.3435183,0.55000001,0,3.8958333,4.1666665,6,4.6666665,6,0,3.625,5,2,3,4.5,2.8333333,5.6666665,6,4.6666665,6,6,0,0,0,0,0,2.8333333,5.6666665,6,4.6666665,6,6,0,0,0,0,0,3.3958333,5.6666665,6,4.6666665,6,6,1.125,0,0,0,4.5,2.55,3.3,6,3,0.14285715,0.85714287,2,0.161,0,NA,NA,NA,0,NA,NA,NA,NA,0,0,NA,NA,NA,NA,NA,0.004,0.004,0,0,0,15.609,3.967,2.527,1.44,0,0,NA,NA,NA,NA,0.224,0,NA,NA,NA,NA,NA,11.418,11.205,0.213,0,0,NA,NA,NA,NA,NA,NA,NA,NA,NA,NA,NA,NA,NA,NA,NA,NA,NA,NA,NA,NA,NA,NA,4.175,2.54,2.14,0.399,0,0,NA,NA,NA,NA,0,1.369,0,0.014,0.121,0,0,0.23,0,0.23,0,0.036,12.423,0,NA,NA,NA,12.423,4.921,4.869,2.632,0,0,0,NA,NA,NA,NA,NA,0,0,0,0,0,32.367,6.507,4.667,1.84,0,12.423,4.921,4.869,2.632,0,0.224,1.369,0,0.014,0.121,0,0,11.652,11.209,0.443,0,0.036,"POL","Poland",10
"16",305,8725644.333,51.88333333,19.68124136,0.59,0.728954004,1.353333333,6.423333333,0.476666667,0.36,7.896666667,1.24,4.99,21.54333333,6.99,2.78,50.15666667,-57.59,62.33333333,15.98333333,1.88,12.191,1.745,2.934,6.515,2.645,0.732,1.058,0.12,0.561,28.5,1.1917588,1.6704669,2.266777,1.0741568,1.3089201,2.0135803,0.59588921,0.31677842,0.875,3,1.7777778,0.37053573,2,1.0235966,0.047193289,1.8,0.2,0.2,0.88958335,0,0,1.0344827,0.63355684,2.782625,2.46875,2.25,4.040741,0.34999999,1.4,3.625,5.75,6,5,6,6,1.5,1,2,0,3,2.4166667,4.0833335,6,4.3333335,6,0,0.75,0,0,0,3,2.4166667,4.0833335,6,4.3333335,6,0,0.75,0,0,0,3,2.375,4,6,4,6,0,0.75,0,0,0,3,2.4000001,5.4000001,0,0,5,2,2,0.182,0,NA,NA,NA,0,NA,NA,NA,NA,0,0,NA,NA,NA,NA,NA,0.062,0.062,0,0,0,28.914,12.689,10.131,2.183,0.376,2.191,1.135,0.972,0.083,0,1.992,0.362,0,0.003,0.324,0.022,0,11.53,10.651,0.879,0,0.15,0.662,0.314,0.273,0.041,0,0.144,0.135,0,0.009,0,0.059,0.013,0,0,0,0,0,0.105,0.063,0.042,0,0.027,1.277,0,0,0,0,0.077,0.07,0.007,0,0,0.864,0.196,0,0,0,0,0,0.103,0.028,0.075,0,0.037,12.063,0,NA,NA,NA,12.063,4.499,5.778,1.786,0,0,0,NA,NA,NA,NA,NA,0,NA,NA,NA,0,43.098,13.003,10.404,2.223,0.376,14.475,5.839,6.758,1.878,0,2.915,0.57,0,0.003,0.324,0.022,0,11.8,10.804,0.996,0,0.214,"AUS","Austria",10
"17",310,9815005.667,49.46333333,20.10177331,0.606666667,0.997679095,1.996666667,7.6,1.103333333,0.93,5.07,1.983333333,4.946666667,15.63,9.593333333,5.293333333,47.4,-69.31666667,77.90666667,21.61666667,1.88,8.615,1.089,1.854,4.761,2.966,0.89,0.31,0.289,0.113,20.888,1.3271956,2.0494869,2.3440135,1.7549603,1.6914808,2.6830246,0.24061933,0.086238638,0.39500001,3.2750001,2.2599206,1.25,0.66666669,0.89583337,1.125,2.4000001,1.4,1.4482758,1.4955841,0.81875002,0,0.8839286,0.17247728,2.2171249,2.2197266,3,4.249074,0.59000003,0.2,4.833333,5.6666665,6,4.6666665,6,6,4,5,2,3,6,2.4583333,4.4166665,6,5.6666665,6,0,0.5,2,0,0,0,1.9166666,3.5833333,6,2.3333333,6,0,0.25,1,0,0,0,3,4.25,6,5,6,0,1.75,1,0,3,3,2.0595238,4.5,6,0,0.14285715,1.7142857,0,0.116,0,0,0,0,0,NA,NA,NA,NA,0,0,NA,NA,NA,NA,NA,0.002,0.002,0,0,0,23.56,6.736,4.948,1.787,0,0.431,0.422,0.009,0,0,0.551,0.853,0.397,0.021,0.272,0,0,14.864,14.558,0.306,0,0.125,NA,NA,NA,NA,NA,NA,NA,NA,NA,NA,NA,NA,NA,NA,NA,NA,NA,NA,NA,NA,NA,NA,2.245,0,0,0,0,0,NA,NA,NA,NA,0,0.422,0,0,0,0,0,1.823,1.733,0.089,0,0,12.789,0.339,0.339,0,0,12.078,4.777,7.216,0,0.085,0.03,0,NA,NA,NA,NA,NA,0.3,0.3,0,0,0.041,38.709,7.075,5.288,1.787,0,12.509,5.199,7.226,0,0.085,0.581,1.276,0.397,0.021,0.272,0,0,16.989,16.594,0.396,0,0.166,"HUN","Hungary",10
"18",316,10568943,42.30666667,19.2236948,0.796666667,0.974641944,1.756666667,6.166666667,1.05,0.783333333,7.623333333,1.356666667,5.05,13.09,4.6,4.213333333,41.03333333,-19.4,66.62333333,16.21,1.88,8.004,0.631,1.748,5.966,2.04,0.427,0.478,0.268,0.251,19.813,1.4054153,1.9817952,2.9149792,1.0486112,1.8189734,2.1070988,0.41547728,0.030954547,0.80000001,3.2249999,1.1597222,0.9375,4,2.4870238,0.97404754,1.8,0.80000001,0.2,0.86279762,0,0,0.625,0.061909094,3.3099167,2.3883929,4.5,3.7212963,0.1,1.5,3.2708333,4.1666665,6,4.6666665,6,0,2.375,1,1,3,4.5,2.1041667,4.2083335,6,4.8333335,6,0,0,0,0,0,0,1.7083333,3.4166665,6,4.6666665,3,0,0,0,0,0,0,2.375,4,6,4,6,0,0.75,0,0,3,0,1.5619048,4.8000002,0,0,0,2.5714285,2,0.172,0,0,0,0,0,NA,NA,NA,NA,0,0,NA,NA,NA,NA,NA,0,NA,NA,NA,0,18.427,7.175,3.583,3.592,0,0,NA,NA,NA,NA,0,0.253,0,0,0.252,0,0,10.99,10.599,0.392,0,0.008,NA,NA,NA,NA,NA,NA,NA,NA,NA,NA,NA,NA,NA,NA,NA,NA,NA,NA,NA,NA,NA,NA,0.393,0,0,0,0,0,NA,NA,NA,NA,0,0.224,0,0,0,0,0,0.169,0.006,0.162,0,0,14.355,0,0,0,0,14.355,2.913,9.09,2.352,0,0,0,NA,NA,NA,NA,NA,0,NA,NA,NA,0,33.347,7.175,3.583,3.592,0,14.355,2.913,9.09,2.352,0,0,0.477,0,0,0.252,0,0,11.159,10.605,0.554,0,0.008,"CZR","Czech Republic",9
"19",317,5431277,43.00666667,19.39018327,0.96,1.113973497,2.266666667,5.296666667,0.89,0.686666667,7.016666667,0.953333333,4.103333333,15.06333333,5.766666667,4.536666667,40.28333333,-34.47,53.11333333,19.37666667,1.88,6.842,0.864,1.876,5.475,2.003,0.197,0.355,0.042,0.269,17.922,1.2876289,2.1656051,2.6543751,1.6768353,1.1486793,2.0876544,0.54860228,0.14720455,0.94999999,2.4000001,2.0099206,1.34375,0,0.45586419,0.91172838,1.6,0.80000001,0.40000001,0.90251911,0,0,1,0.2944091,3.4675,2.3075573,3.75,3.862963,0.40000001,1.5,3.7916667,5.8333335,6,5.3333335,6,6,1.75,2,2,3,0,2.7916667,5.5833335,6,4.3333335,6,6,0,0,0,0,0,2.8333333,5.6666665,6,4.6666665,6,6,0,0,0,0,0,2.1666667,4.3333335,6,5.3333335,6,0,0,0,0,0,0,1.75,3,0,0,2.6428571,0.85714287,4,0.15,0,NA,NA,NA,0,NA,NA,NA,NA,0,0,NA,NA,NA,NA,NA,0,NA,NA,NA,0,17.929,7.025,3.123,3.697,0.205,0.321,0.073,0.248,0,0,0,0,0,0,0,0,0,10.583,9.923,0.66,0,0,NA,NA,NA,NA,NA,NA,NA,NA,NA,NA,NA,NA,NA,NA,NA,NA,NA,NA,NA,NA,NA,NA,0.655,0,0,0,0,0,0,0,0,0,0,0.425,0,0,0,0,0,0.231,0.015,0.022,0.193,0,13.444,0,0,0,0,13.444,2.981,7.716,2.748,0,0,0,NA,NA,NA,NA,NA,0,NA,NA,NA,0,32.179,7.025,3.123,3.697,0.205,13.766,3.054,7.963,2.748,0,0,0.425,0,0,0,0,0,10.813,9.938,0.682,0.193,0,"SLO","Slovak Republic",10
"20",325,60631596.33,50.79666667,18.77462317,1.196666667,1.30558475,1.906666667,4.02,0.956666667,0.646666667,7.146666667,0.74,4.03,21.23666667,8.786666667,2.336666667,47.92,-127.0933333,67.12333333,13.72,1.88,14.447,2.639,2.013,6.702,1.956,0.511,0.996,0.035,0.21,29.508,1.2891349,2.2199702,2.7003572,1.7395834,1.2241389,2.1385803,0.42329547,0.15596591,0.69062501,4,2.2916667,1.1875,0.66666669,0.52083337,0.375,1.6,0.2,0.48275861,1.0130029,0,0,1.9008621,0.31193182,2.2755666,2.5562501,2.625,4.6157408,0.1,1.28125,2.3958333,4.0416665,6,4.1666665,6,0,0.75,0,0,0,3,1.9583334,3.9166667,6,3.6666667,6,0,0,0,0,0,0,1.9583334,3.9166667,6,3.6666667,6,0,0,0,0,0,0,2.0833333,4.1666665,6,4.6666665,6,0,0,0,0,0,0,3.1523809,4.1999998,4,3,0,1.7142857,6,0.136,0,NA,NA,NA,0,NA,NA,NA,NA,0,0,NA,NA,NA,NA,NA,0,NA,NA,NA,0,22.911,11.874,9.488,1.92,0.467,0,NA,NA,NA,NA,0,1.352,0.014,0.039,0.994,0.018,0.052,9.684,9.518,0.133,0.034,0,NA,NA,NA,NA,NA,NA,NA,NA,NA,NA,NA,NA,NA,NA,NA,NA,NA,NA,NA,NA,NA,NA,7.094,1.845,1.713,0.128,0.004,0,NA,NA,NA,NA,0,1.454,0,0.002,0.057,0,0.084,2.091,0.916,0.541,0.634,1.704,12.972,0,NA,NA,NA,12.972,2.409,8.669,1.894,0,0,0,NA,NA,NA,NA,NA,0,NA,NA,NA,0,43.112,13.719,11.2,2.048,0.471,12.972,2.409,8.669,1.894,0,0,2.807,0.014,0.041,1.051,0.019,0.136,11.775,10.434,0.673,0.668,1.704,"ITA","Italy",10
"21",338,NA,NA,NA,NA,NA,NA,NA,NA,NA,NA,NA,NA,NA,NA,NA,NA,NA,NA,NA,NA,NA,NA,NA,NA,NA,NA,NA,NA,NA,NA,NA,NA,NA,NA,NA,NA,NA,NA,NA,NA,NA,NA,NA,NA,NA,NA,NA,NA,NA,NA,NA,NA,NA,NA,NA,NA,NA,NA,NA,NA,NA,NA,NA,NA,NA,NA,NA,NA,NA,NA,NA,NA,NA,NA,NA,NA,NA,NA,NA,NA,NA,NA,NA,NA,NA,NA,NA,NA,NA,NA,NA,NA,NA,NA,NA,NA,NA,NA,NA,NA,NA,NA,NA,1.0880952,3.5999999,0,0,2.9285715,0,0,NA,NA,NA,NA,NA,NA,NA,NA,NA,NA,NA,NA,NA,NA,NA,NA,NA,NA,NA,NA,NA,NA,NA,NA,NA,NA,NA,NA,NA,NA,NA,NA,NA,NA,NA,NA,NA,NA,NA,NA,NA,NA,NA,NA,NA,NA,NA,NA,NA,NA,NA,NA,NA,NA,NA,NA,NA,NA,NA,NA,NA,NA,NA,NA,NA,NA,NA,NA,NA,NA,NA,NA,NA,NA,NA,NA,NA,NA,NA,NA,NA,NA,NA,NA,NA,NA,NA,NA,NA,NA,NA,NA,NA,NA,NA,NA,NA,NA,NA,NA,NA,NA,NA,NA,NA,NA,NA,NA,NA,NA,NA,NA,NA,NA,NA,NA,NA,NA,NA,NA,NA,NA,NA,NA,NA,NA,NA,NA,NA,NA,NA,NA,NA,NA,NA
"22",344,NA,NA,NA,NA,NA,NA,NA,NA,NA,NA,NA,NA,NA,NA,NA,NA,NA,NA,NA,NA,NA,NA,NA,NA,NA,NA,NA,NA,NA,NA,NA,NA,NA,NA,NA,NA,NA,NA,NA,NA,NA,NA,NA,NA,NA,NA,NA,NA,NA,NA,NA,NA,NA,NA,NA,NA,NA,NA,NA,NA,NA,NA,NA,NA,NA,NA,NA,NA,NA,NA,NA,NA,NA,NA,NA,NA,NA,NA,NA,NA,NA,NA,NA,NA,NA,NA,NA,NA,NA,NA,NA,NA,NA,NA,NA,NA,NA,NA,NA,NA,NA,NA,NA,1.4190476,4.8000002,0,0,0,1.7142857,2,NA,NA,NA,NA,NA,NA,NA,NA,NA,NA,NA,NA,NA,NA,NA,NA,NA,NA,NA,NA,NA,NA,NA,NA,NA,NA,NA,NA,NA,NA,NA,NA,NA,NA,NA,NA,NA,NA,NA,NA,NA,NA,NA,NA,NA,NA,NA,NA,NA,NA,NA,NA,NA,NA,NA,NA,NA,NA,NA,NA,NA,NA,NA,NA,NA,NA,NA,NA,NA,NA,NA,NA,NA,NA,NA,NA,NA,NA,NA,NA,NA,NA,NA,NA,NA,NA,NA,NA,NA,NA,NA,NA,NA,NA,NA,NA,NA,NA,NA,NA,NA,NA,NA,NA,NA,NA,NA,NA,NA,NA,NA,NA,NA,NA,NA,NA,NA,NA,NA,NA,NA,NA,NA,NA,NA,NA,NA,NA,NA,NA,NA,NA,"CRO","Croatia",9
"23",349,2064987,52.83666667,18.51945343,0.893333333,0.97277925,1.673333333,9.18,0.916666667,0.746666667,6.716666667,1.69,6.05,18.02666667,6.943333333,4.786666667,45.03666667,-21.09666667,77.06333333,17.53666667,1.88,9.787,1.494,1.953,6.082,1.783,0.228,0.545,0.025,0.739,22.635,1.7019552,2.5027826,2.7651138,2.2404513,1.8089505,1.9685185,0.79413259,0.022431819,1.5658333,3.724138,3.4027777,1.078125,4.6666665,2.3333333,0,2.2,0.40000001,0.89999998,1.125,0,0,1.5905173,0.044863638,4.9958,2.4749999,0.75,3.3055553,1.6316667,1.5,3.4583333,4.1666665,6,4.6666665,6,0,2.75,3,2,3,3,2.1458333,4.0416665,4.5,5.6666665,6,0,0.25,1,0,0,0,1.9583333,3.6666665,3,5.6666665,6,0,0.25,1,0,0,0,2.6875,4.375,6,5.5,6,0,1,1,0,3,0,0.62857145,1.2,0,0,0,2.5714285,0,0.174,0,NA,NA,NA,0,NA,NA,NA,NA,0,0,NA,NA,NA,NA,NA,0.041,0.041,0,0,0,18.411,3.936,2.467,1.462,0.006,0.153,0.08,0.059,0.014,0,0.051,0.004,0,0,0,0.004,0,14.267,13.395,0.872,0,0,NA,NA,NA,NA,NA,NA,NA,NA,NA,NA,NA,NA,NA,NA,NA,NA,NA,NA,NA,NA,NA,NA,3.486,2.623,2.623,0,0,0,NA,NA,NA,NA,0,0.615,0,0.021,0.076,0.007,0.001,0.248,0.148,0.1,0,0,14.282,0,NA,NA,NA,14.282,7.413,5.438,1.431,0,0,0,NA,NA,NA,NA,NA,0,NA,NA,NA,0,36.353,6.559,5.09,1.462,0.006,14.435,7.493,5.497,1.445,0,0.051,0.62,0,0.021,0.076,0.011,0.001,14.555,13.583,0.972,0,0,"SLV","Slovenia",10
"24",350,10783844.33,55.69333333,20.05414718,2.516666667,2.504375625,2.026666667,9.823333333,1.556666667,0.27,4.8,0.68,4.423333333,20.05333333,9.943333333,4.493333333,48.11,-136.1066667,67.93333333,18.21333333,1.88,14.303,2.669,1.906,4.776,1.063,0.254,0.973,0.029,0.063,26.037,1.740815,2.8165877,2.8444848,2.7886906,1.9128858,2.3691359,0.4929716,0.095318176,0.890625,3.4000001,2.5773809,3,4,2.0740354,0.14807098,1.8,1.4,1.1,1.2954861,0,0,1.3706896,0.19063635,2.85725,2.7864583,3.75,3.9074073,0.5,1.28125,4.479167,5.4583335,6,3.8333333,6,6,3.5,5,0,3,6,2.5833335,3.9166667,6,3.6666667,6,0,1.25,5,0,0,0,2.5833335,3.9166667,6,3.6666667,6,0,1.25,5,0,0,0,2.375,3.5,6,2,0,6,1.25,5,0,0,0,2.545238,5.6999998,4,0,2.7142856,0.85714287,2,0.104,0,0,0,0,0,NA,NA,NA,NA,0,0,NA,NA,NA,NA,NA,0.001,0.001,0,0,0,25.198,8.448,5.755,2.155,0.538,0.423,0.422,0.001,0,0,0,2.23,0.102,0.076,0.289,0,0.035,14.098,11.917,1.808,0.373,0,NA,NA,NA,NA,NA,NA,NA,NA,NA,NA,NA,NA,NA,NA,NA,NA,NA,NA,NA,NA,NA,NA,0.876,0,0,0,0,0,NA,NA,NA,NA,0,0.822,0.512,0,0,0,0,0.054,0.047,0.008,0,0,10.407,0.005,0.005,0,0,10.244,5.871,4.373,0,0,0,0.022,0,0,0.022,0,0,0.136,0.127,0.009,0,0,36.584,8.453,5.76,2.155,0.538,10.667,6.293,4.374,0,0,0,3.073,0.614,0.076,0.31,0,0.035,14.288,12.09,1.825,0.373,0,"GRC","Greece",10
"25",352,NA,NA,NA,NA,NA,NA,NA,NA,NA,NA,NA,NA,NA,NA,NA,NA,NA,NA,NA,NA,NA,NA,NA,NA,NA,NA,NA,NA,NA,NA,NA,NA,NA,NA,NA,NA,NA,NA,NA,NA,NA,NA,NA,NA,NA,NA,NA,NA,NA,NA,NA,NA,NA,NA,NA,NA,NA,NA,NA,NA,NA,NA,NA,NA,NA,NA,NA,NA,NA,NA,NA,NA,NA,NA,NA,NA,NA,NA,NA,NA,NA,NA,NA,NA,NA,NA,NA,NA,NA,NA,NA,NA,NA,NA,NA,NA,NA,NA,NA,NA,NA,NA,NA,1.6738095,3.9000001,0,0,4.1428571,2,0,NA,NA,NA,NA,NA,NA,NA,NA,NA,NA,NA,NA,NA,NA,NA,NA,NA,NA,NA,NA,NA,NA,NA,NA,NA,NA,NA,NA,NA,NA,NA,NA,NA,NA,NA,NA,NA,NA,NA,NA,NA,NA,NA,NA,NA,NA,NA,NA,NA,NA,NA,NA,NA,NA,NA,NA,NA,NA,NA,NA,NA,NA,NA,NA,NA,NA,NA,NA,NA,NA,NA,NA,NA,NA,NA,NA,NA,NA,NA,NA,NA,NA,NA,NA,NA,NA,NA,NA,NA,NA,NA,NA,NA,NA,NA,NA,NA,NA,NA,NA,NA,NA,NA,NA,NA,NA,NA,NA,NA,NA,NA,NA,NA,NA,NA,NA,NA,NA,NA,NA,NA,NA,NA,NA,NA,NA,NA,NA,NA,NA,NA,NA,"CYP","Cyprus",10
"26",355,NA,NA,NA,NA,NA,NA,NA,NA,NA,NA,NA,NA,NA,NA,NA,NA,NA,NA,NA,NA,NA,NA,NA,NA,NA,NA,NA,NA,NA,NA,NA,NA,NA,NA,NA,NA,NA,NA,NA,NA,NA,NA,NA,NA,NA,NA,NA,NA,NA,NA,NA,NA,NA,NA,NA,NA,NA,NA,NA,NA,NA,NA,NA,NA,NA,NA,NA,NA,NA,NA,NA,NA,NA,NA,NA,NA,NA,NA,NA,NA,NA,NA,NA,NA,NA,NA,NA,NA,NA,NA,NA,NA,NA,NA,NA,NA,NA,NA,NA,NA,NA,NA,NA,0.2,1.2,0,0,0,0,0,NA,NA,NA,NA,NA,NA,NA,NA,NA,NA,NA,NA,NA,NA,NA,NA,NA,NA,NA,NA,NA,NA,NA,NA,NA,NA,NA,NA,NA,NA,NA,NA,NA,NA,NA,NA,NA,NA,NA,NA,NA,NA,NA,NA,NA,NA,NA,NA,NA,NA,NA,NA,NA,NA,NA,NA,NA,NA,NA,NA,NA,NA,NA,NA,NA,NA,NA,NA,NA,NA,NA,NA,NA,NA,NA,NA,NA,NA,NA,NA,NA,NA,NA,NA,NA,NA,NA,NA,NA,NA,NA,NA,NA,NA,NA,NA,NA,NA,NA,NA,NA,NA,NA,NA,NA,NA,NA,NA,NA,NA,NA,NA,NA,NA,NA,NA,NA,NA,NA,NA,NA,NA,NA,NA,NA,NA,NA,NA,NA,NA,NA,NA,"BUL","Bulgaria",9
"27",360,NA,NA,NA,NA,NA,NA,NA,NA,NA,NA,NA,NA,NA,NA,NA,NA,NA,NA,NA,NA,NA,NA,NA,NA,NA,NA,NA,NA,NA,NA,NA,NA,NA,NA,NA,NA,NA,NA,NA,NA,NA,NA,NA,NA,NA,NA,NA,NA,NA,NA,NA,NA,NA,NA,NA,NA,NA,NA,NA,NA,NA,NA,NA,NA,NA,NA,NA,NA,NA,NA,NA,NA,NA,NA,NA,NA,NA,NA,NA,NA,NA,NA,NA,NA,NA,NA,NA,NA,NA,NA,NA,NA,NA,NA,NA,NA,NA,NA,NA,NA,NA,NA,NA,1.8000001,4.8000002,0,0,0,2,4,NA,NA,NA,NA,NA,NA,NA,NA,NA,NA,NA,NA,NA,NA,NA,NA,NA,NA,NA,NA,NA,NA,NA,NA,NA,NA,NA,NA,NA,NA,NA,NA,NA,NA,NA,NA,NA,NA,NA,NA,NA,NA,NA,NA,NA,NA,NA,NA,NA,NA,NA,NA,NA,NA,NA,NA,NA,NA,NA,NA,NA,NA,NA,NA,NA,NA,NA,NA,NA,NA,NA,NA,NA,NA,NA,NA,NA,NA,NA,NA,NA,NA,NA,NA,NA,NA,NA,NA,NA,NA,NA,NA,NA,NA,NA,NA,NA,NA,NA,NA,NA,NA,NA,NA,NA,NA,NA,NA,NA,NA,NA,NA,NA,NA,NA,NA,NA,NA,NA,NA,NA,NA,NA,NA,NA,NA,NA,NA,NA,NA,NA,NA,"RUM","Romania",9
"28",365,NA,NA,NA,NA,NA,NA,NA,NA,NA,NA,NA,NA,NA,NA,NA,NA,NA,NA,NA,NA,NA,NA,NA,NA,NA,NA,NA,NA,NA,NA,NA,NA,NA,NA,NA,NA,NA,NA,NA,NA,NA,NA,NA,NA,NA,NA,NA,NA,NA,NA,NA,NA,NA,NA,NA,NA,NA,NA,NA,NA,NA,NA,NA,NA,NA,NA,NA,NA,NA,NA,NA,NA,NA,NA,NA,NA,NA,NA,NA,NA,NA,NA,NA,NA,NA,NA,NA,NA,NA,NA,NA,NA,NA,NA,NA,NA,NA,NA,NA,NA,NA,NA,NA,2.7333333,5.4000001,5,0,0,4,2,NA,NA,NA,NA,NA,NA,NA,NA,NA,NA,NA,NA,NA,NA,NA,NA,NA,NA,NA,NA,NA,NA,NA,NA,NA,NA,NA,NA,NA,NA,NA,NA,NA,NA,NA,NA,NA,NA,NA,NA,NA,NA,NA,NA,NA,NA,NA,NA,NA,NA,NA,NA,NA,NA,NA,NA,NA,NA,NA,NA,NA,NA,NA,NA,NA,NA,NA,NA,NA,NA,NA,NA,NA,NA,NA,NA,NA,NA,NA,NA,NA,NA,NA,NA,NA,NA,NA,NA,NA,NA,NA,NA,NA,NA,NA,NA,NA,NA,NA,NA,NA,NA,NA,NA,NA,NA,NA,NA,NA,NA,NA,NA,NA,NA,NA,NA,NA,NA,NA,NA,NA,NA,NA,NA,NA,NA,NA,NA,NA,NA,NA,NA,"RUS","Russia",4
"29",366,1316193.667,39.11333333,20.05136187,1.84,2.042590276,1.873333333,4.726666667,0.643333333,0.44,5.226666667,2,5.933333333,12.27,4.143333333,5.216666667,39.32,34.69666667,78.87666667,23.52666667,1.88,7.034,0.06,2.282,4.837,2.825,0.215,0.331,0.026,0.09,17.698,1.2916979,1.6063105,1.8591983,1.3534226,1.5589573,1.8265432,0.70982575,0.053795449,1.3658561,1.8,2.1041667,0.60267854,4,2.0570796,0.11415895,1.6,0.60000002,0.20689656,0.79324937,0,0,0.41379312,0.1075909,3.723,2.1728516,1.5,3.2796295,1.0092857,1.7224264,3.0208333,4.1666665,6,4.6666665,6,0,1.875,0,0,3,4.5,1.0416666,2.0833333,6,2.3333333,0,0,0,0,0,0,0,1.0416666,2.0833333,6,2.3333333,0,0,0,0,0,0,0,2.0416667,4.0833335,6,4.3333335,6,0,0,0,0,0,0,1.5,6,0,0,0,3,0,0.165,0,NA,NA,NA,0,NA,NA,NA,NA,0,0,NA,NA,NA,NA,NA,0,NA,NA,NA,0,27.435,7.78,5.726,2.054,0,5.717,0,5.659,0.058,0,0,0,NA,NA,NA,NA,NA,13.938,13.509,0.428,0,0,NA,NA,NA,NA,NA,NA,NA,NA,NA,NA,NA,NA,NA,NA,NA,NA,NA,NA,NA,NA,NA,NA,0.335,0,0,0,0,0,NA,NA,NA,NA,0,0.281,0,0,0,0,0,0.054,0.021,0.033,0,0,5.373,0,0,0,0,5.373,0.481,4.854,0.038,0,0,0,NA,NA,NA,NA,NA,0,NA,NA,NA,0,33.307,7.78,5.726,2.054,0,11.089,0.481,10.513,0.096,0,0,0.281,0,0,0,0,0,13.992,13.531,0.461,0,0,"EST","Estonia",9
"30",367,NA,NA,NA,NA,NA,NA,NA,NA,NA,NA,NA,NA,NA,NA,NA,NA,NA,NA,NA,NA,NA,NA,NA,NA,NA,NA,NA,NA,NA,NA,NA,NA,NA,NA,NA,NA,NA,NA,NA,NA,NA,NA,NA,NA,NA,NA,NA,NA,NA,NA,NA,NA,NA,NA,NA,NA,NA,NA,NA,NA,NA,NA,NA,NA,NA,NA,NA,NA,NA,NA,NA,NA,NA,NA,NA,NA,NA,NA,NA,NA,NA,NA,NA,NA,NA,NA,NA,NA,NA,NA,NA,NA,NA,NA,NA,NA,NA,NA,NA,NA,NA,NA,NA,0.40000001,2.4000001,0,0,0,0,0,0.197,0,NA,NA,NA,0,NA,NA,NA,NA,0,0,NA,NA,NA,NA,NA,0.031,0.031,NA,NA,0,15.041,2.785,1.187,1.598,0,0,NA,NA,NA,NA,0.012,0.182,0,0.011,0.171,0,0,12.061,11.406,0.655,0,0,NA,NA,NA,NA,NA,NA,NA,NA,NA,NA,NA,NA,NA,NA,NA,NA,NA,NA,NA,NA,NA,NA,5.636,4.752,4.752,0,0,0,NA,NA,NA,NA,0,0.81,0,0,0,0,0,0.074,0.03,0.044,0,0,8.346,0,NA,NA,NA,8.346,2.406,5.889,0.051,0,0,0,NA,NA,NA,NA,NA,0,NA,NA,NA,0,29.221,7.538,5.94,1.598,0,8.346,2.406,5.889,0.051,0,0.012,0.992,0,0.011,0.171,0,0,12.166,11.468,0.698,0,0,"LAT","Latvia",8
"31",368,NA,NA,NA,NA,NA,NA,NA,NA,NA,NA,NA,NA,NA,NA,NA,NA,NA,NA,NA,NA,NA,NA,NA,NA,NA,NA,NA,NA,NA,NA,NA,NA,NA,NA,NA,NA,NA,NA,NA,NA,NA,NA,NA,NA,NA,NA,NA,NA,NA,NA,NA,NA,NA,NA,NA,NA,NA,NA,NA,NA,NA,NA,NA,NA,NA,NA,NA,NA,NA,NA,NA,NA,NA,NA,NA,NA,NA,NA,NA,NA,NA,NA,NA,NA,NA,NA,NA,NA,NA,NA,NA,NA,NA,NA,NA,NA,NA,NA,NA,NA,NA,NA,NA,1.1095238,1.8,4,0,0,0.85714287,0,0.294,0,NA,NA,NA,0,NA,NA,NA,NA,0,0,NA,NA,NA,NA,NA,0.03,0.03,0,0,0,16.657,5.38,3.846,1.533,0,0,NA,NA,NA,NA,0,0.003,0,0,0,0,0,11.275,11.125,0.149,0,0,NA,NA,NA,NA,NA,NA,NA,NA,NA,NA,NA,NA,NA,NA,NA,NA,NA,NA,NA,NA,NA,NA,0.383,0,NA,NA,NA,0,NA,NA,NA,NA,0,0.335,0,0.004,0,0,0,0.048,0,0.048,0,0,11.543,0,NA,NA,NA,11.543,2.323,7.76,1.461,0,0,0,NA,NA,NA,NA,NA,0,NA,NA,NA,0,28.877,5.38,3.846,1.533,0,11.543,2.323,7.76,1.461,0,0,0.338,0,0.004,0,0,0,11.352,11.155,0.197,0,0,"LIT","Lithuania",10
"32",375,5494349.333,57.51333333,23.73567784,1.406666667,1.418955312,1.296666667,4.79,0.25,0.403333333,7.923333333,1.473333333,6.346666667,25.26666667,8.36,4.04,54.67666667,53.36333333,80.39,24.98,1.88,12.167,0.81,3.62,5.736,3.113,1.004,2.369,0.692,0.882,30.392,1.2934831,2.1329598,2.9616041,1.3043154,1.5459635,1.7447531,0.20152599,0.055909093,0.34714288,3.1083333,1.7023809,0.90625,2.6666667,1.6299214,0.59317613,1.2,1.2,0.89999998,1.2632161,0,0,2.7041667,0.11181819,3.0339167,2.8896484,3,2.8342593,0.69428575,0,0.77083331,0.79166663,1.5,1.6666666,0,0,0.75,0,0,3,0,0,0,0,0,0,0,0,0,0,0,0,0,0,0,0,0,0,0,0,0,0,0,1.7083333,2.6666665,6,4.6666665,0,0,0.75,0,0,0,3,2.8619046,3.5999999,3,6,3.7142856,0.85714287,0,0.115,0,NA,NA,NA,0,NA,NA,NA,NA,0,0,NA,NA,NA,NA,NA,0.037,0.037,0,0,0,20.679,5.786,4.412,1.374,0,0,NA,NA,NA,NA,0,0.675,0,0.301,0.374,0,0,14.18,13.676,0.504,0,0.039,NA,NA,NA,NA,NA,NA,NA,NA,NA,NA,NA,NA,NA,NA,NA,NA,NA,NA,NA,NA,NA,NA,10.431,9.658,8.862,0.796,0,0.007,0.002,0.005,0,0,0,0.765,0,0,0,0,0,0.001,0,0,0,0,12.702,0,NA,NA,NA,12.702,3.034,8.693,0.975,0,0,0,NA,NA,NA,NA,NA,0,NA,NA,NA,0,43.928,15.444,13.275,2.169,0,12.709,3.036,8.698,0.975,0,0,1.439,0,0.301,0.374,0,0,14.218,13.713,0.504,0,0.039,"FIN","Finland",10
"33",380,9926656.333,51.35666667,26.09706302,1.293333333,1.058356484,1.34,4.293333333,0.31,0.75,6.983333333,1.116666667,6.563333333,21.26,7.47,4.323333333,50.48,28.42333333,69.92,28.51666667,1.88,9.079,0.321,4.544,6.286,3.537,1.265,0.331,0.443,0.948,26.755,1.5194523,2.2244525,3.4489052,1,1.7104869,1.4453703,0.62341756,0.17683522,1.0699999,3.8,1.625,0.375,4.6666665,2.7691262,0.87158567,1.4,1,0.80000001,0.91696429,0,0,1.7586207,0.35367045,2.987,1.9508929,5.25,1.936111,0.34,1.8,0.5625,0,0,0,0,0,1.125,0,0,0,4.5,0,0,0,0,0,0,0,0,0,0,0,0,0,0,0,0,0,0,0,0,0,0,1.625,2.125,4.5,4,0,0,1.125,0,0,0,4.5,0.60000002,0.60000002,0,3,0,0,0,0.149,0,NA,NA,NA,0,NA,NA,NA,NA,0,0,NA,NA,NA,NA,NA,0.001,0.001,0,0,0,22.079,0.335,-2.615,2.95,0,4.303,0,4.263,0.045,-0.005,4.622,0.665,0,0,0.272,0,0,12.122,11.676,0.446,0,0.032,NA,NA,NA,NA,NA,NA,NA,NA,NA,NA,NA,NA,NA,NA,NA,NA,NA,NA,NA,NA,NA,NA,15.516,15.137,15.137,0,0,0,NA,NA,NA,NA,0,0.379,0,0,0,0,0,0,0,0,0,0,5.337,0,NA,NA,NA,5.337,2.58,2.681,0.076,0,0,0,NA,NA,NA,NA,NA,0,0,0,0,0,43.081,15.471,12.522,2.95,0,9.64,2.58,6.944,0.12,-0.005,4.622,1.044,0,0,0.272,0,0,12.123,11.677,0.446,0,0.032,"SWD","Sweden",10
"34",385,5233364.667,46.23333333,23.95721859,1.45,1.579132586,1.033333333,4.86,0.836666667,0.69,7.91,1.426666667,5.166666667,18.39333333,4.46,4.53,54.75,247.09,74.14666667,29.87333333,3.353333333,8.53,0.266,5.577,6.422,3.259,0.516,0.445,0.126,0.828,25.969,1.4623799,2.1297629,3.3026805,0.95684522,1.6907456,1.3481481,0.5666315,0.25397727,0.87928569,4.1500001,1.2261904,0.6875,3.3333333,2.0633247,0.79331595,1.4,0,1.9666667,1.6607639,0,0,0.95689654,0.50795454,3.6038249,3.015625,4.5,2.6444445,0.75857145,1,2.0416667,2.5833335,6,4.3333335,0,0,1.5,0,0,0,6,0.39583331,0.79166663,1.5,1.6666666,0,0,0,0,0,0,0,0,0,0,0,0,0,0,0,0,0,0,1.25,2.5,6,4,0,0,0,0,0,0,0,2.0119047,4.5,2,3,0.85714287,1.7142857,0,NA,NA,NA,NA,NA,NA,NA,NA,NA,NA,NA,NA,NA,NA,NA,NA,NA,NA,NA,NA,NA,NA,32.515,10.096,5.6,4.496,0,10.441,3.613,6.137,0.691,0,0,0.441,0.112,0.009,0.27,0,0,11.537,10.982,0.555,0,0,NA,NA,NA,NA,NA,NA,NA,NA,NA,NA,NA,NA,NA,NA,NA,NA,NA,NA,NA,NA,NA,NA,5.913,5.15,5.15,0,0,0,NA,NA,NA,NA,0,0.7,0.341,0,0,0,0,0.063,0,0.063,0,0,0,0,NA,NA,NA,0,NA,NA,NA,NA,0,0,NA,NA,NA,NA,NA,0,0,0,0,0,38.428,15.246,10.75,4.496,0,10.441,3.613,6.137,0.691,0,0,1.141,0.453,0.009,0.27,0,0,11.6,10.982,0.618,0,0,"NOR","Norway",10
"35",390,5725491,55.32333333,25.00676686,1.19,1.136416198,1,3.6,0.46,0.253333333,8.55,1.773333333,7.02,24.04666667,7.42,3.586666667,55.01666667,-4.273333333,85.85,29.44666667,1.88,10.801,2.042,4.428,6.672,3.441,2.052,0,0.703,1.465,31.604,1.2093341,1.9190407,2.8013749,1.0367063,1.2595639,1.2975309,0.44939774,0.098795459,0.80000001,2.3,1.4484127,0.625,2,1.2842207,0.56844133,1.2,0,0.80000001,1.1969401,0.57499999,0,0.52083337,0.19759092,2.7596667,2.2158203,5.625,2.6925926,0.40000001,1.2,2.1458333,3.0416665,1.5,4.6666665,6,0,1.25,1,1,0,3,0.1875,0.375,1.5,0,0,0,0,0,0,0,0,0,0,0,0,0,0,0,0,0,0,0,0.95833331,1.9166666,3,4.6666665,0,0,0,0,0,0,0,1.6857142,2.4000001,3,3,0.85714287,0.85714287,0,0.164,0,NA,NA,NA,0,NA,NA,NA,NA,0,0,NA,NA,NA,NA,NA,0.002,0.002,0,0,0,33.668,18.398,14.589,2.714,1.095,0.04,0.04,0,0,0,0.283,0.532,0,0.248,0.283,0,0,14.4,13.262,0.793,0.344,0.015,NA,NA,NA,NA,NA,NA,NA,NA,NA,NA,NA,NA,NA,NA,NA,NA,NA,NA,NA,NA,NA,NA,12.274,10.888,10.888,0,0,0,NA,NA,NA,NA,0,1.385,0,0,0,0,0,0,0,0,0,0,0.027,0,NA,NA,NA,0.027,0,0.027,0,0,0,0,NA,NA,NA,NA,NA,0,0,0,0,0,46.132,29.286,25.477,2.714,1.095,0.067,0.04,0.027,0,0,0.283,1.917,0,0.248,0.283,0,0,14.401,13.264,0.793,0.344,0.015,"DEN","Denmark",10
"36",395,336551.3333,44.02333333,23.2153115,0.023333333,NA,1.48,5.356666667,0.583333333,0.476666667,7.45,3.17,7.526666667,9.933333333,8.023333333,2.956666667,43.11333333,NA,NA,NA,1.486666667,5.96,0.538,5.092,5.011,3.396,0.048,0.502,0.566,0.703,21.816,1.4972795,1.9684445,2.5828073,1.3540816,2.0699589,1.9969136,0.45343506,0.49972728,0.40714288,2.5925925,1.3,1.4081633,4,2.6087964,1.2175926,1.8,0.80000001,2,1.6041666,0,0,0.73863637,0.99945456,2.5,2.8125,4.5,3.3907406,0.38571429,0.42857143,1.7708334,2.7916667,1.5,3.6666667,6,0,0.75,0,0,3,0,1.3333333,2.6666665,6,4.6666665,0,0,0,0,0,0,0,1.3333333,2.6666665,6,4.6666665,0,0,0,0,0,0,0,2.4583333,4.1666665,6,4.6666665,6,0,0.75,0,0,3,0,1.4166666,4.5,0,3,0,1,0,NA,NA,NA,NA,NA,NA,NA,NA,NA,NA,NA,NA,NA,NA,NA,NA,NA,NA,NA,NA,NA,NA,27.026,9.42,5.706,2.351,1.363,3.566,NA,NA,NA,3.566,0.297,0.393,0.029,0.131,0.194,0.016,0.015,11.633,11.19,0.443,0,1.717,NA,NA,NA,NA,NA,NA,NA,NA,NA,NA,NA,NA,NA,NA,NA,NA,NA,NA,NA,NA,NA,NA,9.305,7.626,7.626,0,0,0,NA,NA,NA,NA,0,1.553,0,0,0,0,0,0.127,0,0.127,0,0,0,0,NA,NA,NA,0,NA,NA,NA,NA,0,0,NA,NA,NA,NA,NA,0,NA,NA,NA,0,36.331,17.046,13.332,2.351,1.363,3.566,NA,NA,NA,3.566,0.297,1.946,0.029,0.131,0.194,0.016,0.015,11.76,11.19,0.57,0,1.717,NA,NA,NA
"37",560,NA,NA,NA,NA,NA,NA,NA,NA,NA,NA,NA,NA,NA,NA,NA,NA,NA,NA,NA,NA,NA,NA,NA,NA,NA,NA,NA,NA,NA,NA,NA,NA,NA,NA,NA,NA,NA,NA,NA,NA,NA,NA,NA,NA,NA,NA,NA,NA,NA,NA,NA,NA,NA,NA,NA,NA,NA,NA,NA,NA,NA,NA,NA,NA,NA,NA,NA,NA,NA,NA,NA,NA,NA,NA,NA,NA,NA,NA,NA,NA,NA,NA,NA,NA,NA,NA,NA,NA,NA,NA,NA,NA,NA,NA,NA,NA,NA,NA,NA,NA,NA,NA,NA,0.88571429,3.5999999,0,0,0,1.7142857,0,NA,NA,NA,NA,NA,NA,NA,NA,NA,NA,NA,NA,NA,NA,NA,NA,NA,NA,NA,NA,NA,NA,NA,NA,NA,NA,NA,NA,NA,NA,NA,NA,NA,NA,NA,NA,NA,NA,NA,NA,NA,NA,NA,NA,NA,NA,NA,NA,NA,NA,NA,NA,NA,NA,NA,NA,NA,NA,NA,NA,NA,NA,NA,NA,NA,NA,NA,NA,NA,NA,NA,NA,NA,NA,NA,NA,NA,NA,NA,NA,NA,NA,NA,NA,NA,NA,NA,NA,NA,NA,NA,NA,NA,NA,NA,NA,NA,NA,NA,NA,NA,NA,NA,NA,NA,NA,NA,NA,NA,NA,NA,NA,NA,NA,NA,NA,NA,NA,NA,NA,NA,NA,NA,NA,NA,NA,NA,NA,NA,NA,NA,NA,"SAF","South Africa",9
"38",640,79817675,33.76333333,14.40479292,NA,1.994246609,NA,NA,NA,NA,NA,NA,NA,NA,NA,3.186666667,34.35333333,-11.95,66.45333333,12.505,3.126666667,5.733,1.399,0.433,3.234,0.381,0.023,0.202,0,0.168,11.572,2.4599974,3.4363689,3.550863,3.3218751,2.7794077,3.0802469,1.1642154,0.17840908,2.1500218,4.4499998,3.175,3.46875,6,3.4868827,0.97376543,2.5999999,2.5999999,1.3666667,1.7710938,0,0,1.8580358,0.35681817,4.1454167,3.9466147,3.75,4.040741,1.1409525,3.159091,5.458333,4.9166665,6,1.6666666,6,6,6,6,6,6,6,2.2916665,3.3333333,6,1.3333334,6,0,1.25,5,0,0,0,2.2916665,3.3333333,6,1.3333334,6,0,1.25,5,0,0,0,4.854167,5.5833335,6,4.3333335,6,6,4.125,6,0,6,4.5,NA,NA,NA,NA,NA,NA,NA,NA,NA,NA,NA,NA,NA,NA,NA,NA,NA,NA,NA,NA,NA,NA,NA,NA,NA,NA,NA,NA,NA,15.39,4.477,3.225,1.252,0,0,NA,NA,NA,NA,0,0.864,0,0.016,0.848,0,0,9.887,9.523,0.365,0,0.162,NA,NA,NA,NA,NA,NA,NA,NA,NA,NA,NA,NA,NA,NA,NA,NA,NA,NA,NA,NA,NA,NA,2.417,0.618,0.442,0.176,0,0,NA,NA,NA,NA,0,0.358,0,0.002,0.104,0,0,1.229,1.178,0.05,0,0.213,7.281,0,NA,NA,NA,7.281,2.746,4.065,0.47,0,0,0,NA,NA,NA,NA,NA,0,NA,NA,NA,0,25.088,5.095,3.667,1.428,0,7.281,2.746,4.065,0.47,0,0,1.222,0,0.019,0.952,0,0,11.116,10.701,0.415,0,0.374,"TUR","Turkey",3
"39",666,8546466.667,40.43333333,22.42415532,5.946666667,4.903201655,1.54,2.58,0.54,0.13,5.116666667,1.4,6.82,10.74333333,5.623333333,1.733333333,37.35,-54.18666667,75.05333333,19.96333333,2.496666667,4.741,0.616,2.545,4.625,1.894,0.132,0.479,0.03,0.661,15.722,2.1493695,2.9197478,2.9545751,2.8849206,2.4989583,2.1753087,1.029402,0.50482953,1.5539744,3.25,3.4484127,2.3214285,5.3333335,3.3760803,1.4188271,1.6,1,1.9333333,1.9454861,0,0,1.55,1.0096591,3.2683001,3.903125,3.75,3.9259257,0.72333336,2.3846154,3.7083335,3.9166667,6,3.6666667,6,0,3.5,3,2,3,6,2.0833333,2.6666665,6,4.6666665,0,0,1.5,0,0,6,0,2.0416667,2.5833335,6,4.3333335,0,0,1.5,0,0,6,0,2.4583335,2.1666667,6,2.6666667,0,0,2.75,0,2,3,6,3.5095239,4.1999998,5,6,2.8571429,3,0,NA,NA,NA,NA,NA,NA,NA,NA,NA,NA,NA,NA,NA,NA,NA,NA,NA,NA,NA,NA,NA,NA,23.65,9.781,6.076,2.983,0.723,0,NA,NA,NA,NA,1.187,0.911,0,0,0.579,0.328,0,11.77,11.034,0.736,0,0,NA,NA,NA,NA,NA,NA,NA,NA,NA,NA,NA,NA,NA,NA,NA,NA,NA,NA,NA,NA,NA,NA,2.538,0,0,0,0,0,NA,NA,NA,NA,0,2.414,0,0,0,0.386,0,0.124,0,0.124,0,0,5.123,0,0,0,0,5.123,2.984,1.484,0.656,0,0,0,NA,NA,NA,NA,NA,0,0,0,0,0,31.311,9.781,6.076,2.983,0.723,5.123,2.984,1.484,0.656,0,1.187,3.325,0,0,0.579,0.715,0,11.894,11.034,0.859,0,0,"ISR","Israel",6
"40",710,NA,NA,NA,NA,NA,NA,NA,NA,NA,NA,NA,NA,NA,NA,NA,NA,NA,NA,NA,NA,NA,NA,NA,NA,NA,NA,NA,NA,NA,NA,NA,NA,NA,NA,NA,NA,NA,NA,NA,NA,NA,NA,NA,NA,NA,NA,NA,NA,NA,NA,NA,NA,NA,NA,NA,NA,NA,NA,NA,NA,NA,NA,NA,NA,NA,NA,NA,NA,NA,NA,NA,NA,NA,NA,NA,NA,NA,NA,NA,NA,NA,NA,NA,NA,NA,NA,NA,NA,NA,NA,NA,NA,NA,NA,NA,NA,NA,NA,NA,NA,NA,NA,NA,2.5238094,6,1,3,0,5.1428571,0,NA,NA,NA,NA,NA,NA,NA,NA,NA,NA,NA,NA,NA,NA,NA,NA,NA,NA,NA,NA,NA,NA,NA,NA,NA,NA,NA,NA,NA,NA,NA,NA,NA,NA,NA,NA,NA,NA,NA,NA,NA,NA,NA,NA,NA,NA,NA,NA,NA,NA,NA,NA,NA,NA,NA,NA,NA,NA,NA,NA,NA,NA,NA,NA,NA,NA,NA,NA,NA,NA,NA,NA,NA,NA,NA,NA,NA,NA,NA,NA,NA,NA,NA,NA,NA,NA,NA,NA,NA,NA,NA,NA,NA,NA,NA,NA,NA,NA,NA,NA,NA,NA,NA,NA,NA,NA,NA,NA,NA,NA,NA,NA,NA,NA,NA,NA,NA,NA,NA,NA,NA,NA,NA,NA,NA,NA,NA,NA,NA,NA,NA,NA,"CHN","China",-7
"41",732,51242285,32.04,15.17349032,2.485,2.607161114,1.28,5.24,0.77,0.895,3.93,0.69,5.195,6.035,5.36,5.136666667,33.38,NA,55.22333333,7.1,6.48,3.48,0.308,0.611,4.152,1.247,0.354,0.291,0.026,0.708,11.177,1.8780003,2.4686151,2.6582618,2.2789683,1.8680688,1.8703704,1.2973168,1.6778182,0.91681546,2.1034484,1.4722222,3.0857143,4,2,0,1.8,0.80000001,1.2068965,1.7338362,0.5258621,2.5,0.9074074,0.85563636,2.3721917,3.46875,5.25,3.0111113,0.26666668,1.5669643,3.3958333,4.0416665,6,4.1666665,6,0,2.75,0,2,3,6,1.5833333,2.6666665,6,4.6666665,0,0,0.5,2,0,0,0,1,1.5,6,0,0,0,0.5,2,0,0,0,2.6458333,4.0416665,6,4.1666665,6,0,1.25,0,5,0,0,0.69999999,0.60000002,0,0,0,3.5999999,0,NA,NA,NA,NA,NA,NA,NA,NA,NA,NA,NA,NA,NA,NA,NA,NA,NA,NA,NA,NA,NA,NA,13.93,6.787,3.889,2.898,0,0,NA,NA,NA,NA,0,0.969,0,0.322,0.54,0,0,5.954,5.954,0,0,0.22,NA,NA,NA,NA,NA,NA,NA,NA,NA,NA,NA,NA,NA,NA,NA,NA,NA,NA,NA,NA,NA,NA,4.538,0.83,0.433,0.397,0,0,NA,NA,NA,NA,0.072,2.139,0,0,1.448,0,0,1.1,0.647,0.452,0,0.397,6.693,0,NA,NA,NA,6.693,2.831,3.059,0.803,0,0,0,NA,NA,NA,NA,NA,0,NA,NA,NA,0,25.162,7.618,4.322,3.296,0,6.693,2.831,3.059,0.803,0,0.072,3.109,0,0.322,1.988,0,0,7.054,6.601,0.452,0,0.616,"ROK","Korea South",8
"42",740,126973769.3,40.11666667,19.79121852,0.923333333,0.942800397,1.283333333,3.97,1.153333333,0.723333333,7.683333333,0.366666667,3.536666667,16.32333333,4.24,4.09,34.6,-119.49,30.80666667,5.973333333,2.453333333,10.374,1.251,0.986,7.713,1.309,0.144,0.174,0.116,0.292,22.359,1.4118299,1.8537081,2.1535969,1.5538194,1.6719635,1.5357254,0.70981818,0.156,1.2636364,2.1333334,0.7638889,2.34375,2.6666667,1.8333334,1,1.2,0,1.0666667,1.6468316,0.53333336,0,1.8491379,0.31200001,1.6319166,3.3404949,3,3.407176,0.55000001,1.9772727,2.8333335,3.6666667,6,2.6666667,6,0,2,0,2,3,3,0.8125,1.625,4.5,2,0,0,0,0,0,0,0,1.9583333,1.9166666,3,4.6666665,0,0,2,5,0,3,0,2.875,3.75,6,3,6,0,2,0,5,0,3,2.3791666,1.875,4,3,0,2.4000001,3,NA,NA,NA,NA,NA,NA,NA,NA,NA,NA,NA,NA,NA,NA,NA,NA,NA,NA,NA,NA,NA,NA,11.232,5.92,3.405,2.515,0,0,NA,NA,NA,NA,0,0.565,0,0.369,0.197,0,0,4.747,4.621,0.126,0,0,NA,NA,NA,NA,NA,NA,NA,NA,NA,NA,NA,NA,NA,NA,NA,NA,NA,NA,NA,NA,NA,NA,7.323,3.627,2.373,1.254,0,0,NA,NA,NA,NA,0,1.945,0,0,0.071,0,0,1.675,1.348,0.327,0,0.077,12.075,0,NA,NA,NA,12.075,5.286,5.521,1.267,0,0,0,NA,NA,NA,NA,NA,0,NA,NA,NA,0,30.63,9.547,5.778,3.769,0,12.075,5.286,5.521,1.267,0,0,2.51,0,0.369,0.267,0,0,6.422,5.969,0.452,0,0.077,"JPN","Japan",10
"43",750,NA,NA,NA,NA,NA,NA,NA,NA,NA,NA,NA,NA,NA,NA,NA,NA,NA,NA,NA,NA,NA,NA,NA,NA,NA,NA,NA,NA,NA,NA,NA,NA,NA,NA,NA,NA,NA,NA,NA,NA,NA,NA,NA,NA,NA,NA,NA,NA,NA,NA,NA,NA,NA,NA,NA,NA,NA,NA,NA,NA,NA,NA,NA,NA,NA,NA,NA,NA,NA,NA,NA,NA,NA,NA,NA,NA,NA,NA,NA,NA,NA,NA,NA,NA,NA,NA,NA,NA,NA,NA,NA,NA,NA,NA,NA,NA,NA,NA,NA,NA,NA,NA,NA,2.1142857,2.4000001,0,3,3.8571429,3.4285715,0,NA,NA,NA,NA,NA,NA,NA,NA,NA,NA,NA,NA,NA,NA,NA,NA,NA,NA,NA,NA,NA,NA,NA,NA,NA,NA,NA,NA,NA,NA,NA,NA,NA,NA,NA,NA,NA,NA,NA,NA,NA,NA,NA,NA,NA,NA,NA,NA,NA,NA,NA,NA,NA,NA,NA,NA,NA,NA,NA,NA,NA,NA,NA,NA,NA,NA,NA,NA,NA,NA,NA,NA,NA,NA,NA,NA,NA,NA,NA,NA,NA,NA,NA,NA,NA,NA,NA,NA,NA,NA,NA,NA,NA,NA,NA,NA,NA,NA,NA,NA,NA,NA,NA,NA,NA,NA,NA,NA,NA,NA,NA,NA,NA,NA,NA,NA,NA,NA,NA,NA,NA,NA,NA,NA,NA,NA,NA,NA,NA,NA,NA,NA,"IND","India",9
"44",850,NA,NA,NA,NA,NA,NA,NA,NA,NA,NA,NA,NA,NA,NA,NA,NA,NA,NA,NA,NA,NA,NA,NA,NA,NA,NA,NA,NA,NA,NA,NA,NA,NA,NA,NA,NA,NA,NA,NA,NA,NA,NA,NA,NA,NA,NA,NA,NA,NA,NA,NA,NA,NA,NA,NA,NA,NA,NA,NA,NA,NA,NA,NA,NA,NA,NA,NA,NA,NA,NA,NA,NA,NA,NA,NA,NA,NA,NA,NA,NA,NA,NA,NA,NA,NA,NA,NA,NA,NA,NA,NA,NA,NA,NA,NA,NA,NA,NA,NA,NA,NA,NA,NA,2.3714287,4.8000002,1,0,4.7142859,1.7142857,2,NA,NA,NA,NA,NA,NA,NA,NA,NA,NA,NA,NA,NA,NA,NA,NA,NA,NA,NA,NA,NA,NA,NA,NA,NA,NA,NA,NA,NA,NA,NA,NA,NA,NA,NA,NA,NA,NA,NA,NA,NA,NA,NA,NA,NA,NA,NA,NA,NA,NA,NA,NA,NA,NA,NA,NA,NA,NA,NA,NA,NA,NA,NA,NA,NA,NA,NA,NA,NA,NA,NA,NA,NA,NA,NA,NA,NA,NA,NA,NA,NA,NA,NA,NA,NA,NA,NA,NA,NA,NA,NA,NA,NA,NA,NA,NA,NA,NA,NA,NA,NA,NA,NA,NA,NA,NA,NA,NA,NA,NA,NA,NA,NA,NA,NA,NA,NA,NA,NA,NA,NA,NA,NA,NA,NA,NA,NA,NA,NA,NA,NA,NA,"INS","Indonesia",9
"45",900,24202920.67,36.76333333,18.43551632,1.466666667,2.019755724,1.706666667,3.843333333,0.916666667,0.593333333,6.84,0.72,5.223333333,10.08666667,4.57,3.28,33.93666667,14.13,68.62333333,NA,1.323333333,9.833,0.121,2.541,6.36,2.654,0.231,0.683,0.391,0.374,23.187,1.2742647,1.9411042,2.9186666,0.96354169,1.6903263,0.91635805,0.19136363,0.38272727,0,2.8499999,1.0833334,0.84375,4,2.2740655,0.54813123,0.80000001,0.80000001,1.4666667,1.8805555,1.425,0,1.025,0.76545453,2.1746666,2.75,5.625,1.1490741,0,0,2.3125,3.875,6,3.5,6,0,0.75,0,0,3,0,0,0,0,0,0,0,0,0,0,0,0,0,0,0,0,0,0,0,0,0,0,0,1.375,2,4.5,3.5,0,0,0.75,0,0,3,0,NA,NA,NA,NA,NA,NA,NA,NA,NA,NA,NA,NA,NA,NA,NA,NA,NA,NA,NA,NA,NA,NA,NA,NA,NA,NA,NA,NA,NA,22.152,15.808,11.554,4.255,0,0,0,0,0,0,0.04,0.001,0,0,0.001,0,0,6.302,5.923,0.379,0,0,4.766,0,NA,NA,NA,0,0,0,0,0,1.367,1.989,0,0,1.358,0,0,1.41,0.716,0.694,0,0,1.001,0,NA,NA,NA,0,0,0,0,0,0,1.001,0,0,0,0,0,0,0,0,0,0,0,0,NA,NA,NA,0,0,0,0,0,0,0,NA,NA,NA,NA,NA,0,0,0,0,0,27.919,15.808,11.554,4.255,0,0,0,0,0,0,1.407,2.991,0,0,1.359,0,0,7.713,6.639,1.073,0,0,"AUL","Australia",10
"46",920,4694266.667,39.88666667,18.17281012,NA,1.178933873,NA,NA,NA,NA,NA,NA,NA,NA,NA,4.066666667,39.79666667,NA,58.41666667,NA,1.313333333,4.876,0.063,2.493,7.305,2.593,0.325,0.341,0.766,0.449,19.211,1.2603095,2.061861,2.9535832,1.1701388,1.1848905,0.92114192,0.53417683,0.87045455,0.19789916,2.9000001,1.1527778,1.1875,2,1.2972946,0.59458911,0.2,0.2,0.2,1.3362352,0.72500002,0,1.2666667,1.7409091,3.1476667,3.0837054,4.5,2.3634257,0.042857144,0.35294119,3.4270835,3.8541667,6,3.4166667,6,0,3,1,2,3,6,0,0,0,0,0,0,0,0,0,0,0,0,0,0,0,0,0,0,0,0,0,0,0.95833337,1.6666667,3,3.6666667,0,0,0.25,1,0,0,0,0.69999999,4.1999998,0,0,0,0,0,NA,NA,NA,NA,NA,NA,NA,NA,NA,NA,NA,NA,NA,NA,NA,NA,NA,NA,NA,NA,NA,NA,29.417,17.321,11.734,4.418,1.169,0,0,0,0,0,0,0.033,0,0,0.033,0,0,12.063,11.445,0.618,0,0.001,NA,NA,NA,NA,NA,NA,NA,NA,NA,NA,NA,NA,NA,NA,NA,NA,NA,NA,NA,NA,NA,NA,2.151,0,0,0,0,0,0,0,0,0,0,1.926,0,0,0,0,0,0.225,0.013,0.212,0,0,0,0,0,0,0,0,0,0,0,0,0,0,NA,NA,NA,NA,NA,0,NA,NA,NA,0,31.569,17.321,11.734,4.418,1.169,0,0,0,0,0,0,1.959,0,0,0.033,0,0,12.288,11.458,0.83,0,0.001,"NEW","New Zealand",10
